snapshot,time_star,marker_over_R,D_reference_mode_amp_over_R,D_reference_mode_spatial_corr,D_reference_mode_projection_fraction,D_uniform_amp_over_R,D_uniform_spatial_corr,D_uniform_projection_fraction,MA_reference_mode_amp_over_R,MA_reference_mode_spatial_corr,MA_reference_mode_projection_fraction,MA_uniform_amp_over_R,MA_uniform_spatial_corr,MA_uniform_projection_fraction,TTR_reference_mode_amp_over_R,TTR_reference_mode_spatial_corr,TTR_reference_mode_projection_fraction,TTR_uniform_amp_over_R,TTR_uniform_spatial_corr,TTR_uniform_projection_fraction,P_reference_mode_amp_over_R,P_reference_mode_spatial_corr,P_reference_mode_projection_fraction,P_uniform_amp_over_R,P_uniform_spatial_corr,P_uniform_projection_fraction
1,0.0,0.0009321183693674639,0.0008273261483732671,0.47426789776050554,0.22493003884616936,0.0011202467615657405,0.5886815832773422,0.3465460064899185,0.0010634609905018574,0.5216089672090393,0.2720759146728806,0.0011916548806890526,0.517690411923652,0.2680033625976804,0.001154156328965025,0.37199766465962414,0.13838226251221414,0.0013113507748778305,0.4033555429661512,0.16269569404151868,0.0008683175394142422,0.5057200210926257,0.25575273973392576,0.0009403512759970483,0.5428753540293237,0.2947136500124636
2,0.288,0.0007724163345928692,0.0004954593789629594,0.31524456805280404,0.099379137686799,0.00035757743407551217,0.20855923997112213,0.0434969565773321,0.0010643604244175318,0.46015499681011324,0.2117426210893153,0.000836193523730236,0.3201978153049227,0.1025266409260454,0.001148353724895087,0.35903314025386857,0.12890479580055408,0.0007718255204905583,0.23028813616325,0.05303262565754358,0.000677535215924465,0.3328625279107443,0.11079746248713103,0.0002920510298561786,0.14222312253685443,0.02022741658413311
3,0.576,0.000538608744587307,0.0005419132311954432,0.37143071892454776,0.1379607789608064,0.00026572730389824056,0.16695676422985956,0.027874561122104916,0.00023018952286667297,0.09355432086272795,0.008752410952086256,-0.0002254683261470875,-0.08116335274728413,0.006587489829180075,-6.436916293643812e-05,-0.018079585386217782,0.0003268714077375396,-0.0004799046739836486,-0.12863500303011483,0.01654696400455765,0.0002612735661787753,0.15549255600174447,0.024177934971955636,-5.352219349875072e-05,-0.03157377188002802,0.0009969030707320482
4,0.8639999999999999,9.71468709770714e-05,0.00022504684215102382,0.15845177311471054,0.02510696440319571,-3.79155416466051e-05,-0.024471535378111135,0.000598856043762145,7.480458425695076e-05,0.03686966388648393,0.0013593721151022975,-0.00016806594620405118,-0.07336971468281595,0.005383115032637819,0.00018829240037429533,0.059101222755874934,0.0034929545312395484,6.605251297912658e-06,0.001978548021547045,3.914652273567727e-06,0.0002775112522498122,0.18200875341356249,0.033127186319159,-3.642572356128499e-06,-0.002368090518444366,5.607852703546106e-06
5,1.152,0.0009967866038906128,0.0005786328868495653,0.34736190495278835,0.12066029301242999,0.00022839321857720318,0.1256845958734962,0.015796617639884054,0.0009188370170917487,0.44639321285551853,0.19926690048347226,0.0008417349732692637,0.36220180648030903,0.13119014861759928,0.0009680353948263017,0.30087800320280256,0.09052757281130568,0.0006814535960742249,0.20212920372578347,0.04085621499881928,0.000661698299181294,0.36083935075506135,0.1302050370533342,0.0004818801241210401,0.2604781636603596,0.06784887374387306
6,1.44,0.0005500005369811668,0.000417815455455924,0.2960507542180196,0.08764604907305824,0.0004170959950986799,0.2709177527473533,0.07339642875367607,0.0005480810176642015,0.23806439714357372,0.056674657187333194,0.0011421375697253215,0.4394042447558781,0.19307609030948364,0.000530105230464178,0.1635687171231177,0.026754725221302504,0.00109431988774917,0.32223746054139474,0.10383698097616692,0.0004710729810227216,0.26840043555908055,0.07203879380830415,0.0007827040547234355,0.4420496367500416,0.19540788135084375
7,1.7279999999999998,-2.0146127603690133e-05,0.00023994362508125057,0.13645646100636405,0.018620365750381354,0.0005569800372909111,0.2903650168985261,0.08431184303848138,-0.0003737902708403447,-0.18440903409285472,0.03400669185505966,0.00010850524629132527,0.04741339757887343,0.002248030269972321,-0.0003518195378573775,-0.11792810374561516,0.01390703765303657,9.169479665863966e-05,0.029331591598668674,0.0008603422657110909,-2.9084422571254425e-05,-0.015185114055984881,0.0002305876888932696,0.00036127960250964856,0.18697325483863542,0.03495899802495331
8,2.016,2.6692122636082422e-05,8.328026898777636e-05,0.06755596523984639,0.0045638084394873345,0.00017846671487614158,0.13270845330973485,0.01761153357986207,0.00012538237808010615,0.06281955033715068,0.003946295904561809,0.00034246977934836403,0.15197659677549022,0.023096885967459947,0.00032771453231966616,0.11884431433610722,0.014123971050019463,0.0005886645332044875,0.2037249199097645,0.041503842992239956,0.00019487190656123984,0.13025822602903225,0.016967205448230452,0.0003319899810787432,0.21996791397040724,0.048385883176492485
9,2.304,0.00029561288710316176,1.9563619010379202e-05,0.015851875981952552,0.0002512819721472042,-1.4070376918867881e-05,-0.010450978990275849,0.00010922296185518719,7.20821807571633e-05,0.03627020742447138,0.0013155279466141791,3.580546797285513e-05,0.015957601546251955,0.00025464504710894284,-1.9971935374306177e-05,-0.007193597637717005,5.174784697336767e-05,-0.00016640311809760266,-0.057198024134676916,0.0032716139649110825,-2.2107450248263725e-05,-0.016074347317340275,0.00025838464167848445,-0.00016902685503761367,-0.12182287260682476,0.014840812290178652
10,2.5919999999999996,7.21265751919024e-05,4.059918456562328e-06,0.0027189393435340043,7.392631153817123e-06,-7.385175702323884e-05,-0.0453380476100453,0.002055538561090734,0.00035165987680603423,0.17108285969478926,0.02926934488134695,-0.0001400114147593137,-0.06033138089661274,0.0036398755208921696,0.0003522721832511638,0.10500200828596379,0.011025421744085608,-0.000409253889104419,-0.1164141163381996,0.013552246482803874,-0.00027641762126101604,-0.16440519188411049,0.027029067118451194,-0.0004821093916659719,-0.28423256115527495,0.08078814882088711
11,2.88,0.00016620802625420613,-6.160461957008588e-05,-0.04684489337999715,0.0021944440357833,-0.0001115750730215527,-0.0777742673009023,0.0060488366541922,-0.0006741269654311616,-0.3244713448514325,0.10528165362969723,-0.0008580009306849812,-0.36577881507371984,0.13379414155673455,-0.0007257475512348974,-0.245666413036748,0.06035198649434208,-0.0009122503414086395,-0.2946916404884326,0.08684316297376363,-0.0003507661724465602,-0.21784381893288568,0.04745592944726388,-0.0004237444197379124,-0.26086148586625313,0.06804871480834937
12,3.1679999999999997,-0.00028147127330956296,-0.00012943623733012726,-0.08754457858751447,0.007664053240065494,-0.00032693830784503346,-0.2027024328475625,0.04108827628232059,0.0001455777352145463,0.061023928736844986,0.0037239198784795357,0.0001663897754105447,0.061777166018627004,0.0038164182412930036,0.0004369150980510621,0.118450708572306,0.014030570361281365,0.0003585736989957057,0.09277108120020691,0.008606473507055387,-0.00011647875512521463,-0.07158446276247445,0.005124335308992091,-0.00011290861683321844,-0.06878243877540065,0.004731023883891739
13,3.4559999999999995,-0.00043442867651617576,-0.00019598969662733496,-0.16560064789604348,0.027423574583589367,-0.00022957053455848638,-0.1778134916981014,0.03161763782987077,-0.00017166328923730448,-0.0952282239775096,0.009068414641910735,-0.00028945566867394405,-0.142221892893253,0.020227066818139926,-6.337230807811176e-05,-0.022402914271385275,0.0005018905678510381,-0.00019356083625133232,-0.06530043255906286,0.0042641464924007165,-0.00018559240275884344,-0.13013046394492087,0.01693393764652035,-0.00028760314147404894,-0.19988989638257149,0.039955970675835166
14,3.7439999999999998,-0.00025536843928736854,-0.00038603626518538654,-0.2584449845556539,0.06679381004197216,-0.0005014489809142941,-0.3077418286839751,0.09470503312175707,8.365548630540404e-05,0.039717138478330964,0.0015774510889069182,0.00011276314933257973,0.047418396086484266,0.002248504287414706,-1.929585590982953e-05,-0.006413114352865578,4.1128035702930484e-05,4.195352902514394e-05,0.013306597215363475,0.000177065529451919,-0.0003693277340592945,-0.22648820180702578,0.051296905557780034,-0.0003379854650906557,-0.2054518800841456,0.042210475030110155
15,4.032,6.423786487766135e-05,0.0001065378298604046,0.06957344255873893,0.004840463909474145,0.0002348494617414156,0.14058823868325845,0.019765052856060852,0.0002645503213119111,0.11677082385480002,0.013635425303728733,0.00041727772653157516,0.16313509302194554,0.02661305857527882,0.00026094102454131646,0.08887746261080681,0.007899203360135361,0.0003471016854379916,0.11282350377601055,0.012729143004295467,0.00026649028546583937,0.1636065320764191,0.02676709733807235,0.0004291609289832196,0.26116673958990877,0.06820806586802322
16,4.319999999999999,-0.0001361578097144336,-9.34506208392256e-05,-0.06580299734017711,0.004330034458951356,4.806432899990449e-05,0.031024596571876818,0.0009625255924477108,0.0002731630746685218,0.13868098952468383,0.01923241685554547,0.00032340467484591473,0.14542443099556807,0.021148265130384737,0.0003704574044223112,0.12824276290975445,0.01644620623872749,0.00027439512237687375,0.09064931983528476,0.008217299186599752,-4.5113528183513826e-05,-0.0289434986036997,0.0008377261114223664,2.5669407623550088e-05,0.016324448309460896,0.0002664876126082607
17,4.608,-5.467046204480016e-05,7.192689625850337e-05,0.057549112022287144,0.0033119002945537542,0.00028905503681436024,0.21200574111952025,0.04494643426763704,3.506896069699302e-05,0.01722421994608016,0.0002966737527509457,-8.261821495507158e-05,-0.03594087244007077,0.0012917463117534391,-0.00014305366471547244,-0.04639160837214809,0.0021521813273547605,-0.00018099834604640326,-0.05601555252698881,0.0031377421249038427,0.00023438648789157916,0.15572299891192098,0.024249652390122143,0.00045518101075598457,0.2997662649522872,0.08985981360344483
18,4.896,0.0006177017611228531,0.0003445279926518577,0.23404259513986608,0.05477593633980326,1.4697668931158382e-05,0.00915247656714402,8.376782731212041e-05,0.0003243660623650703,0.1577498845554614,0.024885026077261403,0.00016101550133191362,0.06935814516529012,0.004810552300769459,0.00038863737429928525,0.12703591666109137,0.016138124121923753,0.0002426672878556459,0.07569841303656559,0.005730249736254483,0.0003596072008254495,0.2150026737796373,0.04622614973239313,-0.00011677919910619236,-0.06920849533740855,0.004789815826868101
19,5.183999999999999,0.0003114279921120491,-8.006561298802136e-05,-0.050571471333448186,0.002557473712829771,-0.0005591844526495305,-0.3237683693932452,0.10482595701956085,-0.00016429875176037948,-0.08028500949552449,0.006445682749696455,-0.0007168130573483723,-0.3102431828757063,0.09625083252084894,-7.368309682564207e-05,-0.025470077472027702,0.0006487248464310931,-0.0007714429164539437,-0.2544835809240036,0.06476189295990388,-0.0004686384733881991,-0.256693563694928,0.06589158564240206,-0.0009677050712518251,-0.5254101886582371,0.2760558663458843
20,5.4719999999999995,-0.0007937269134601245,-0.0009261667101258857,-0.49803615087121866,0.2480400075746193,-0.0013248606549567858,-0.6530729229112908,0.42650424263989684,-0.0005124220912287239,-0.21616919262791043,0.04672911984140265,-0.0009993811886245348,-0.37341629608480836,0.13943973018169728,-0.0010507352528878733,-0.3287196642047751,0.10805661763490011,-0.0013397336426314303,-0.39998565918086093,0.15998852755034781,-0.0010373374594742717,-0.48170549238554555,0.23204018139440094,-0.00144051071372285,-0.6630655482837825,0.4396559213208731
21,5.76,-0.0007751962213796488,-0.0006902061858826203,-0.3919617349453781,0.15363400166139085,-0.0009676867498493531,-0.5037550261946209,0.2537691264163432,-0.0008763658663543006,-0.363639489154931,0.13223367807285913,-0.0011705970283003232,-0.4302185605409924,0.18508800983396356,-0.0009055767646787379,-0.28744818992158905,0.08262646188919792,-0.0011066781876983883,-0.3352349067688627,0.11238244271632808,-0.0007475369807281549,-0.3975241756396123,0.15802547021795332,-0.0009646730568623279,-0.5084982305436389,0.2585704504660116
22,6.047999999999999,-0.0010154440311015273,-0.0008737913382087626,-0.4789981386273618,0.22943921680847726,-0.0011577311866068588,-0.5817730466124803,0.3384598777647672,-0.0006738234685824048,-0.2885858990386357,0.08328182112393762,-0.0009255953885393614,-0.35111250425233953,0.12327999064234912,-0.0006759103657179571,-0.2159195009991858,0.04662123091173741,-0.0009066892068975337,-0.27641065701442324,0.07640285131114513,-0.0006379666653357133,-0.35285239033459453,0.12450480936483704,-0.000866342740179735,-0.4749667970945663,0.2255934583422709
23,6.335999999999999,-0.0005127777694251217,-0.00043484388536066816,-0.2991022544762571,0.08946215863277968,-0.0006511441848616048,-0.4105662625037239,0.16856465590627667,-0.0001925811450713275,-0.08914648075209053,0.007947095030482847,-0.00038042759058425584,-0.1559762898094444,0.024328602982719785,-9.144439268229688e-05,-0.0314164432596856,0.0009869929070890448,-0.00026685991812413503,-0.08749371568373963,0.007655150284147066,-0.0003962900012863862,-0.23653243525246223,0.05594759292646023,-0.0005452216992729658,-0.32257384715748005,0.10405388686997731
24,6.624,-0.0002994616054466289,-0.000526256071139351,-0.2799461639427244,0.07836985470624674,-0.0004647096192678804,-0.22660987841669256,0.05135203699602817,1.3161608299080108e-05,0.006953498170102307,4.8351136801616135e-05,0.0002865211928163779,0.13407483585914282,0.017976061610656086,0.0001416295230833068,0.048188762047348545,0.002322156787655979,0.0003593325190561233,0.11667614594224505,0.013613323031936068,-0.0003932939395282452,-0.1895444003504242,0.03592707970420189,-0.0001544976499162192,-0.07380639884784888,0.005447384510887749
25,6.911999999999999,7.458003530233139e-05,0.00019824102557477327,0.1317061454466724,0.01734650874842002,0.00013372569933082744,0.0814417609516148,0.006632760426899971,0.0002588140893136438,0.12905874513204058,0.01665615969505701,0.0001891560161036762,0.08354410720655364,0.006979617848940128,9.11286200807739e-05,0.03042097485212934,0.0009254357109538856,-0.00012088857091775606,-0.03851209576786292,0.001483181520433045,8.56723174467797e-05,0.04790936551997959,0.002295307304527009,-2.465324132254975e-05,-0.01366571518402542,0.00018675177149090296
26,7.199999999999999,0.0006313874576200592,0.0006808589034037449,0.41168980075684514,0.16948849204721084,0.000622921176030613,0.3452755737000798,0.1192152217939192,0.0005155023851301871,0.2711605402779214,0.07352803860381424,0.0006477567768767209,0.3017893552752004,0.09107681495742113,0.000665215260975717,0.22422097732154805,0.050275046671030166,0.0006652205153444314,0.21398003183245592,0.045787454023018856,0.0006573041651972775,0.35090638315967404,0.12313528974220397,0.0006677523109479646,0.35336108296429797,0.1248640549537015
27,7.4879999999999995,0.000984466059353697,0.0009829750799887978,0.5935072884140609,0.35225090140061127,0.0010797453028123496,0.5976193432221507,0.35714887939327483,0.0009234972146786251,0.4139570186681737,0.1713604133046427,0.0012077130854275982,0.4794900206080164,0.22991067986267597,0.0010350332876980445,0.3457783146401926,0.11956264287541202,0.0010891688618235279,0.3472419839277945,0.12057699540211068,0.0008505850484211908,0.46557876900714495,0.21676359015020846,0.0009662181095761402,0.5242386420035613,0.27482615376973807
28,7.776,0.0005715787685843712,0.0007423688490446375,0.4487387446926001,0.20136646098829056,0.0009586369075464984,0.5311873793351726,0.28216003196496847,0.0005207649571756241,0.23130413033199468,0.0535016007086404,0.0007301801846133461,0.28725514693511867,0.08251551944071663,0.000347710745076433,0.11367834318236864,0.012922765708688376,0.0006503019232745942,0.20289354875232818,0.041165792125313364,0.0007765397967165624,0.4013779724187451,0.16110427674298297,0.000878782743627522,0.4502459042549544,0.2027213742983616
29,8.064,0.000488955361404694,0.00047334349536155205,0.32959967516266125,0.1086359458673318,0.0006408892545579296,0.40908459495311905,0.16735020582795745,0.00048816089840380145,0.23144759326725275,0.053567988429203676,0.0008091716238550346,0.33980241758255325,0.11546568299494787,0.0005735633151857133,0.18881177802180948,0.03564988751975705,0.0009722321273489989,0.30542969612630433,0.09328729927580658,0.000491799030931599,0.29575354508038887,0.08747015942761763,0.0006259011409201212,0.37310104649082887,0.13920439089255165
30,8.351999999999999,0.0007504418660588554,0.0006052504650403812,0.4141926329875224,0.1715555372211364,0.0005688192467483418,0.3568299466114261,0.12732761079871321,0.0005034041180343325,0.21327161391689195,0.04548478130271582,0.0006201918798761555,0.2327225718483962,0.054159795447731925,0.00048308886411130536,0.15125895040421117,0.02287927007738361,0.000574993773612642,0.17181092424280536,0.029518993689167012,0.0005509029710756996,0.3438971441600331,0.1182652457614266,0.0005448717241417758,0.33715232528477296,0.11367169044492935
31,8.639999999999999,3.2719004506279975e-05,-4.529670176524389e-05,-0.04251402137663636,0.001807442013613093,-3.4500087974449465e-06,-0.0029682848978460465,8.810715234780915e-06,0.00012036467552954195,0.055869304469934454,0.0031213791819542373,-2.9238996082682724e-07,-0.0001202078453717117,1.4449926088909351e-08,0.0002340795180066941,0.07423829436322825,0.005511324349961328,0.0001588443607879857,0.04807617953763742,0.0023113190389351464,0.00011953086964048952,0.0884353689048621,0.00782081447333905,0.00010619407859178437,0.07787976766092465,0.006065258210919605
32,8.927999999999999,1.2424254543132355e-05,1.0775340618503737e-05,0.008448977957547553,7.138522852712442e-05,0.00019849380089288806,0.1426723751893602,0.02035540664217357,6.544810168844183e-05,0.033212966705256135,0.0011031011573644528,0.0002763485342196402,0.12421210492773278,0.0154286470105781,0.00027357058401442975,0.09254004627532157,0.008563660164638658,0.0004661685542429426,0.1504862657460913,0.022646116178203213,0.00018069403957593824,0.12195173050951773,0.014872224574266036,0.0005090932256835664,0.34058058882211245,0.11599513748241684
33,9.216,-0.0003184250255014623,-0.00020325899967083442,-0.15429284642209126,0.023806282457031043,-1.2931144556837619e-05,-0.008998140035447109,8.096652409751609e-05,-0.00023037382462636648,-0.0950213634660154,0.009029059514940607,-9.294573633171949e-05,-0.033955782112337615,0.0011529951388605472,2.0564983254542908e-06,0.0006085953294706236,3.7038827505345695e-07,0.00034160183689280947,0.09647483144769546,0.009307393102861248,-0.00014597235744124809,-0.10095175973458954,0.010191257793510296,3.940883180898471e-05,0.02701564039098658,0.0007298448257351055
34,9.504,-0.0004555315753959122,-0.00014838175276266075,-0.10433038129945289,0.01088482846208923,0.00010920029855603344,0.07038399232594218,0.004953906375738289,-0.000541105566186686,-0.2845683366767678,0.08097913823898224,-0.00023373552775061195,-0.10887431723133065,0.01185361695258842,-0.0006400737722695106,-0.2349715367759295,0.05521162309484199,-0.0002741042076004702,-0.09602725264473604,0.009221233250495965,-8.041470448563589e-05,-0.04548497753625441,0.0020688831814735685,0.000341707055715253,0.19158649586666052,0.03670538539846593
35,9.792,-1.7032839023757242e-05,-7.494295045008218e-05,-0.0594469598513444,0.0035339410355673525,0.0002947665329711051,0.21433683313651739,0.0459402780389913,-0.00019988407271205155,-0.09907788507136674,0.009816427310214954,0.00022870735612885577,0.10040950165259523,0.010082068022122522,0.00013765217430682,0.044613373475362345,0.0019903530928521646,0.0005360140926921984,0.165787496175806,0.027485493888242885,-2.485990001690553e-05,-0.017375687936398206,0.0003019145312630942,0.00035182674525761237,0.2437529692762622,0.05941551003099442
36,10.08,-0.00045377952314317,-8.324472487868745e-05,-0.05352306193963433,0.0028647181593939334,0.0004618577171121801,0.2722150964855041,0.07410105875461234,-5.621377097619404e-05,-0.027849043412553967,0.0007755692189943157,0.0005280140806328432,0.23169102278803205,0.053680730040564395,0.00024002705083158641,0.07906469750757594,0.006251226391964486,0.0008903508770963928,0.27988343265703636,0.07833473587588581,0.00010341768094439565,0.05635426373077069,0.0031758030406372566,0.0008214643389549044,0.44370991515929376,0.1968784888106677
37,10.367999999999999,0.00016529344562889411,0.0003458751188563181,0.20332963704398974,0.04134294130044062,0.0006646792918704828,0.35818985926008023,0.1282999752767561,1.638709899591023e-05,0.006694528814053806,4.481671604219665e-05,0.000811962273880532,0.29379874031075015,0.08631769980818359,-9.897249774107481e-05,-0.028771247498747935,0.0008277846826342093,0.0008524612573842867,0.23648978634415166,0.055927419045102504,0.0003178530365561767,0.1523619225139851,0.0232141554321576,0.0007649088665920127,0.363444589454,0.1320919696033866
38,10.655999999999999,0.00048875489482,0.0005880271998075757,0.37690358141562236,0.1420563096839227,0.0005216897288813348,0.306524299843233,0.0939571463943842,-1.6643757020212724e-05,-0.008846563128578407,7.826167918792297e-05,4.63033523333039e-05,0.02179875996514377,0.0004751859360179548,0.0003968006270137394,0.12015288329894883,0.014436715365050814,0.0003598536521130126,0.1039875480798067,0.01081341015565011,0.0005041482736742795,0.32141990402800197,0.10331075470537002,0.0002560603408354887,0.16182113221629882,0.026186078831764863
39,10.943999999999999,0.0007240040765743195,0.0003569280079869828,0.283885589526101,0.08059102794058189,0.00020791711904412691,0.15159076411085942,0.022979759763714223,0.00027500169768046514,0.11822341542113671,0.013976775953838666,0.0002555544594128348,0.09730781730414076,0.009468811308496035,7.207233108169567e-05,0.02212822237331455,0.0004896582254028586,0.0001122749418407434,0.03289685443833992,0.001082203031937325,0.00012806187175632878,0.08797534125901449,0.007739660669640056,-5.7940432752191514e-05,-0.039454930536493814,0.001556691543639552
40,11.232,1.2643651844846567e-05,-0.00010811444579766387,-0.08627780091092724,0.0074438589300255984,-0.00012821239294365786,-0.09379185391867552,0.008796911861502167,0.0001930667428439438,0.09269950129835297,0.008593197540963342,3.9757335444330006e-05,0.016907653479184517,0.00028586874617218014,-2.48454994813416e-06,-0.0008585660063722144,7.371355872979336e-07,-0.00023678780647965093,-0.0780870233224081,0.0060975832113543075,-0.00031217185362535457,-0.21800163004448395,0.04752471070205204,-0.00039176579996469467,-0.2711883020851535,0.07354309518782846
41,11.52,-0.0007424173654789441,-0.0006662426866894929,-0.4659907442116297,0.21714737369090858,-0.0006171456199721791,-0.3956874359687258,0.15656854698350448,-0.0007916475058552868,-0.3177523953460395,0.1009665847481458,-0.0006271369317096494,-0.22295412022547087,0.04970853972551371,-0.0009195270974381518,-0.2609919637832846,0.06811680515945534,-0.0005245528222390456,-0.1420840760332134,0.020187884662211966,-0.0006923044648662368,-0.4013173617828031,0.16105562486830927,-0.0006125696912371384,-0.3519854849650393,0.1238937816260739
42,11.808,-0.0003175759465271904,-0.00018390601671545181,-0.11903296720149652,0.014168847280792547,0.00022072386101172032,0.13096051670702535,0.017150656936171068,-0.00030497770418917594,-0.15423123882415715,0.023787275029234195,-0.0002223205745510587,-0.09958181847302841,0.009916538570395182,-0.0003154422711221301,-0.11140355282233852,0.012410751581439568,-0.00019836669920707812,-0.06685616999300556,0.004469747466133657,-0.0002261560432702876,-0.13171518213044245,0.017348889203655623,0.00019927397259645837,0.11504206049892002,0.01323467568383717
43,12.095999999999998,-0.00017723863819053498,-0.0001780018249723555,-0.13741923345716678,0.01888404572395531,3.089392771202565e-05,0.021863312710675098,0.0004780044426847674,-0.00026380007779082344,-0.14256221541019973,0.02032398526266419,-0.00014346969547212395,-0.06867297046151649,0.004715976872008316,-0.0005336538705984163,-0.1918308508099053,0.03679907532245215,-0.0003081755387626649,-0.10571838727295291,0.011176377407594053,-0.00014241261984653322,-0.09024913530915667,0.008144906424050469,0.000134763631121092,0.08465365453136109,0.007166241225515031
44,12.383999999999999,-9.883810019529373e-05,-0.00017162112941263832,-0.13890224337035043,0.01929383321331606,7.382717760103595e-05,0.0547740108950999,0.0030001922695365234,-0.0002581054924337636,-0.14121050626361692,0.019940407079226997,3.2826002639669435e-05,0.01590683968863705,0.0002530275488799988,-0.0002700905177844505,-0.09966911705448815,0.009933932894421259,8.862402108605223e-05,0.031210181973458123,0.0009740754588163704,-0.00022602991332028216,-0.1756889927286425,0.03086662216600499,8.654633346423876e-05,0.06668155849781553,0.004446430243697595
45,12.671999999999999,-0.00032994366517365603,-8.107671810143501e-05,-0.0648900080024155,0.004210713138553546,-9.127816266311577e-05,-0.06696815444621029,0.004484733709931475,-0.0004084192676759367,-0.1957156562094998,0.038304618085515114,-0.000464795690708127,-0.1972775107460946,0.038918416246175466,-0.00028027970967273446,-0.09835100858744203,0.009672920890167094,-0.0003063330574511671,-0.10258281223034939,0.010523233365087122,-7.529498048408749e-05,-0.0502264887480407,0.0025227001719570585,-0.00014849806644171983,-0.09818972094111925,0.009641221298494873
46,12.959999999999999,-0.0002932188322841978,-0.0003736215882633674,-0.2879972301902989,0.082942404597284,-0.00038946937120341667,-0.2752006351405382,0.07573538958175563,-0.00018543046713399833,-0.0850749754197891,0.007237751442677721,-0.00012302601941251867,-0.04999353572011879,0.0024993536137987936,0.00011403239429539929,0.03479030477627055,0.001210365306425793,0.0002744470352426075,0.07990650028677336,0.006385048788080111,-0.0003449770582305416,-0.22547363232494058,0.050838358873802496,-0.00028598237214942206,-0.18527773999325847,0.03432784093700948
47,13.248,-0.0005170654809190388,-0.0005198732700933049,-0.37553105807286435,0.14102357557732498,-0.0004775839384545616,-0.31624077027068676,0.10000822478139726,-0.00043654791833885534,-0.24375951462229617,0.059418700968897425,-0.0004851297199962073,-0.23992951515161123,0.057566172240887246,-0.00025905840578451596,-0.08525892920379118,0.007269085008977075,-0.00034945055185638547,-0.10975428684127903,0.012046003480037752,-0.0006642182782440604,-0.436699119562716,0.1907061210268513,-0.00040397085603421256,-0.2632691443767275,0.06931064238085417
48,13.536,-0.0009914107439228995,-0.0006989428282075329,-0.41802946840782246,0.17474863645732666,-0.00023468015874303095,-0.12866528667589242,0.016554755995389584,-0.0010090996641733052,-0.39801328362645105,0.15841457394310976,-0.0009166602130007271,-0.3202344328426331,0.1025500919780429,-0.001024582262395663,-0.31154997202599344,0.09706338506939728,-0.0007586968058496793,-0.2201621792465963,0.048471385170610407,-0.0007887694945584225,-0.4419454972707297,0.19531582255787253,-0.00032731948925089925,-0.18178954633356442,0.033047439156163164
49,13.823999999999998,-0.0006596167024573704,-0.0006115290928474347,-0.4047951640253105,0.16385912481827805,-0.00016017807025679213,-0.0971943508530604,0.009446741837747803,-0.0009468839246477946,-0.4122032075216682,0.16991148429115155,-0.0009342638899305832,-0.36023037242590195,0.12976592121810399,-0.0007718220419582961,-0.24180348330929763,0.05846892454050978,-0.0008419287364393903,-0.25171800718869825,0.06336195514304953,-0.000643989694334416,-0.3884119115055903,0.1508638129994265,-0.0002209551962648824,-0.1320980101127924,0.017449884275759404
50,14.111999999999998,-0.00045246413907067714,-0.00041556688617511606,-0.30977570951735295,0.09596099020697943,-0.00035046246615808783,-0.2394791526063576,0.057350264533059116,-0.0013074609610351715,-0.5115904952757805,0.2617248348565184,-0.0012407520754111445,-0.43000636852386276,0.18490547697108003,-0.0013581245871366224,-0.3702040832368969,0.13705106324527128,-0.0011069259118144897,-0.28794777233353547,0.08291391959184558,-0.0005776818645020919,-0.34383398457753667,0.11822180895046572,-0.0005332055392859224,-0.3145814808873255,0.09896150811726277
51,14.399999999999999,-0.001384503737414571,-0.0009788161001006673,-0.6098341166773649,0.3718976498636618,-0.0007109560182627156,-0.4060440224255538,0.1648717481475237,-0.0010587398224373246,-0.4136726020868587,0.1711250217173125,-0.001122324682060777,-0.3884026318046452,0.15085660439277476,-0.0011657209580931904,-0.33207519823138265,0.11027393728041207,-0.001199743532272929,-0.3261548414356742,0.10637698059192977,-0.0009245530539091107,-0.5031891047230028,0.25319927511193707,-0.0006264338328241508,-0.3379504510594299,0.11421050737127213
52,14.687999999999999,-0.0007756101455490927,-0.0007178825075619227,-0.49963958581189216,0.24963971571027913,-0.0007737745921608272,-0.4936711039160389,0.24371115884168051,-0.0009503464377897903,-0.4045645854750782,0.16367250382062185,-0.0006580341088252423,-0.24811353588886498,0.0615603266912751,-0.00048515434992743285,-0.16306253769721463,0.026589391200255545,-0.00011040607546650216,-0.03541284479012916,0.0012540695761297785,-0.00046612190606278286,-0.29464615033798197,0.08681635390899269,-0.000404270954661259,-0.25330993948087543,0.06416592543980477
53,14.975999999999999,-0.0005096749192375076,-0.0006394333939768743,-0.4309653751662256,0.1857311545921656,-0.000934977635028137,-0.5776543689065873,0.3336845699168676,-4.680930158538517e-05,-0.026379371279234905,0.0006958712290877233,-0.00030689934111304294,-0.15318786930371353,0.02346652330181162,-9.941952854229865e-05,-0.03609341450624229,0.0013027345707194214,-0.0005189822930050339,-0.17980525756805807,0.0323299306491157,-0.00042757538737040883,-0.25912372782089976,0.06714510631979974,-0.0007839556688798687,-0.4709387465253965,0.2217833029789117
54,15.264,-0.0009179787734310754,-0.0008501927058882509,-0.5293024603614939,0.28016109454473076,-0.0007323687077263136,-0.4179613195103496,0.17469166460683253,-0.0004198906141495711,-0.20371986361566383,0.04150178283158467,-0.00022137284172496938,-0.09513004240133408,0.009049724967279621,-0.0001716278794631404,-0.057596178575136624,0.0033173197864590277,0.0002799385323349185,0.08965243516458538,0.008037559130940184,-0.0007436496174994003,-0.41468975158712723,0.17196759007139328,-0.0005278373132001391,-0.2917651826698709,0.08512692181838313
55,15.552,-0.0006769196690116476,-0.0006391719532991379,-0.3987480265602086,0.1589999886856608,-0.0002936305042934031,-0.1679197509767423,0.02819704276809115,8.199528375300473e-05,0.039398899186260466,0.0015522732570891155,0.00021010230279156264,0.08941742671847863,0.007995476200954494,-1.620134143347906e-06,-0.0005051723077449813,2.551990605123901e-07,-6.584610217544194e-05,-0.019593508461616015,0.00038390557383541845,-0.00038813334514705317,-0.24479367849635647,0.05992394503177753,-9.439245415966867e-05,-0.05901126906861627,0.0034823298770886276
56,15.839999999999998,0.0002383859922430048,9.971688221790671e-05,0.07292670887381943,0.0053183048671668134,4.121524168472717e-06,0.0027630932892081413,7.634684524867065e-06,-0.00021317339347343687,-0.10124566215619901,0.010250684105447189,-0.0003852829199606076,-0.16207622897799756,0.0262687039997283,4.846679643188416e-05,0.0164380794397575,0.00027021045566777825,-4.47974294004628e-05,-0.014499513485857339,0.00021023589132655886,-2.0580276443083915e-05,-0.013338582690969538,0.00017791778820383216,-0.00023610704822507304,-0.1516861284218764,0.023008681555617975
57,16.128,0.00026024620138209975,0.00010931997350045421,0.08183695620996927,0.006697287401712427,-0.00016215819246606766,-0.11127782255741066,0.012382753793118569,0.0003012988285892859,0.14523922992461266,0.0210944339090945,-6.768833542037403e-05,-0.028899908579294233,0.0008352047158915642,0.00022798250745285857,0.06840919474411204,0.004679817925537847,-0.00027211293214301363,-0.07792121409176125,0.0060717156055340935,7.614217190403321e-06,0.004703522086879105,2.2123120021759575e-05,-0.0004111642300682624,-0.2517628731338139,0.06338454428859286
58,16.416,0.0001358526424117072,0.00012074086394320277,0.07867128388505777,0.006189170908123351,-0.00019038417426384726,-0.11371364407985121,0.012930792849919083,0.0006607887028408567,0.2576903666024451,0.06640432503970255,1.4721231058489203e-05,0.005084823042328045,2.5855425371790236e-05,0.0004906466460194793,0.1305257626572843,0.017036974717265712,-0.00020737080889157367,-0.05264639076379211,0.0027716424604538946,0.00017603051319241349,0.09998978986019824,0.009997958076286602,-0.00022918862456963387,-0.1290444088325837,0.016652459450951007
59,16.703999999999997,0.00033898937203999445,0.0003700406857098782,0.25832370666271437,0.06673113742396408,3.7319010403846173e-05,0.023881669257335814,0.0005703341265167784,-2.3033105686754454e-05,-0.011848801577493026,0.0001403940988228012,-0.0003212552824289101,-0.1463754840887378,0.021425782342212325,-0.00017241013545967628,-0.06082047836455988,0.003699130588493896,-0.0005306759020179787,-0.178652863477331,0.031916845628649874,2.7214280724701478e-05,0.01662469723254544,0.00027638055807380397,-0.0002457667559058452,-0.14881902496299618,0.022147102190936883
60,16.991999999999997,0.00033614942352624445,0.0005157324163327847,0.3330517307221698,0.11092345533703273,0.000443217869820269,0.2623761172729397,0.0688412269152234,8.305161922005925e-05,0.04112535297757881,0.0016912946575304503,-6.615268207681518e-05,-0.029013834646508543,0.0008418026008949394,0.00015073176991660297,0.04506333666042615,0.0020307043109709074,8.27279300893705e-05,0.023602841010389227,0.0005570941037617115,0.00047291798429977276,0.26167865852079636,0.06847572032524356,0.0004408581133034778,0.2418019206528166,0.058468168831391026
61,17.279999999999998,0.0004874245426951896,0.0005252845759228442,0.3832658276114192,0.14689269461466606,0.0008368217397956288,0.5597037003649098,0.31326823220217276,0.0009226613748077211,0.344962865126251,0.11899937831611207,0.0011921347716708983,0.3947766905203553,0.1558486353782044,0.0010203541222537798,0.2807437176375736,0.07881703499296566,0.0012859403853433652,0.3376552720808734,0.11401108276400868,0.0007357842429936157,0.4267657215915937,0.1821289811255937,0.0009951092757791119,0.5721214807484775,0.3273229887338305
62,17.567999999999998,0.0015442504863021754,0.0015625776883525372,0.7484702449346587,0.5602077075525482,0.0016950031615794719,0.7442574788215868,0.5539191947818648,0.0015071762689934376,0.5334064629771577,0.28452245474580196,0.0015133691414590238,0.47438968874252946,0.22504557678523399,0.0013410699278430535,0.395480407161528,0.15640475244864796,0.0012781217947812479,0.35969911177782604,0.129383451013757,0.0016564979848433818,0.7544763384295128,0.5692345452500047,0.0015838099962964798,0.7150496946858285,0.5112960658702966
63,17.855999999999998,0.000985835310477117,0.0008928180034995,0.4974429894153729,0.2474495277185028,0.000881271099553024,0.4501006886213702,0.20259062989743162,0.0011472622546933027,0.5200994428116646,0.270503430413004,0.0012585623209320047,0.5053526520276181,0.25538130291134686,0.000959610417807139,0.3150452688569989,0.09925352142917873,0.0009783546221667312,0.30652640041434764,0.093958434150977,0.0007136368373098033,0.42229506097210756,0.17833311852143605,0.000652169744215101,0.3825408537031709,0.14633750475195084
64,18.144,0.00023647507124348395,0.00045183612676787533,0.315603572322638,0.09960561486281062,0.0006111351078963889,0.39130731389413165,0.15312141390704048,0.000309640711685244,0.1425400501111184,0.020317665885680142,0.0002915671183649577,0.11888129716225246,0.014132762814979775,-0.00013314678431720732,-0.04453596046437125,0.0019834517744840388,-0.00016812456301867738,-0.05366669930604835,0.0028801146144058105,0.00034344875935930823,0.2127044190147332,0.04524316986839519,0.0004750170040835151,0.2916098238372205,0.08503628935837475
65,18.432,-0.00021429826041793936,8.901408461851807e-05,0.054656460493754694,0.0029873286737053676,0.00035170587566120523,0.1979621542475258,0.03918901451432119,1.1623409275005712e-05,0.0046750756856952635,2.185633266697904e-05,0.00039681846758164014,0.14136540185198646,0.019984176840773613,0.00010893189210608145,0.029306121832951025,0.0008588487768877688,0.0005620380132181151,0.1442987502072323,0.020822129311369227,0.00012616372253134754,0.06543270667559546,0.004281439102894515,0.0004129822686813397,0.21230989241828557,0.045075490418663995
66,18.72,-0.00022298275087156432,-0.0001341287367085523,-0.08355731303717233,0.006981824561992007,0.00041110315471439967,0.23476492672935395,0.05511457082223893,-0.0004924791333578137,-0.23261862622494917,0.05411142526678261,-9.910232970696304e-05,-0.041460702571847835,0.0017189898577512296,-0.00031915576656191524,-0.10791193122501296,0.011644984900711928,0.00013115290828654005,0.042319280052672596,0.001790921464176533,-3.252332385017033e-05,-0.01814246902831919,0.000329149182443521,0.0005344109928986619,0.2954985018089088,0.08731936457130968
67,19.008,-0.000355214170205629,9.837194020605716e-06,0.005935237930183191,3.5227049287885256e-05,0.00042291337978180244,0.2339042405589125,0.05471119375144162,-0.0002967656723160825,-0.12258500873809917,0.01502708436731985,3.2178966014985604e-05,0.011773129588027934,0.0001386065802964988,-0.00023551079907774104,-0.07886209248518145,0.006219229631141313,3.338807922852645e-05,0.010669461038056747,0.00011383739884261096,5.759251280510412e-05,0.03248000820143371,0.001054950932765201,0.0004188970372461561,0.23417246361705313,0.05483674271648007
68,19.296,-3.912235442581606e-05,-0.00014232643445723944,-0.11424209407634102,0.01305125605894755,8.320472512474176e-05,0.061222117932060095,0.0037481477240870753,7.05346380423154e-05,0.04062193244948435,0.0016501413959304696,0.0001304464285301641,0.06654056300367614,0.004427646524846195,0.00024159881988650625,0.09031097776247753,0.00815607270441471,0.00017079581406854574,0.06092794558124062,0.0037122145527506184,-0.00024256507105009276,-0.20489434084218314,0.04198169090915272,-9.355926422900512e-05,-0.0783369992056554,0.006136685444546856
69,19.584,2.7700511758095847e-05,0.00011660387767227272,0.08931952018070333,0.007977976685311071,6.69550825295813e-05,0.0470150293698377,0.0022104129866467015,-0.00011213265612159061,-0.0601650444247478,0.0036198325706318763,-0.00012348226640584853,-0.05868307523116345,0.0034437033185863897,-0.0002533906468187706,-0.09349522425739963,0.008741356958941448,-0.00015536240387454812,-0.054706427642206526,0.002992793225371978,-0.00011051244227684372,-0.073685833852384,0.00542960211052114,-0.000206969112734364,-0.13679077093970723,0.018711715014279453
70,19.872,-0.00030629919017812965,-0.00026907269148568954,-0.1839047583709892,0.03382096015149193,-0.0003388232806042531,-0.21228355913789887,0.045064309480253806,-0.0008974359688684822,-0.41390396535560187,0.17131649253709128,-0.0005951348340049246,-0.24311268873166772,0.05910377942234076,-0.001042407626027679,-0.32816235055253823,0.10769052832016697,-0.0007025250848594229,-0.2110603170321021,0.04454645742569144,-0.0004031022865604435,-0.24981470991125262,0.062407389288043305,-0.00026547523554414077,-0.16308168655828328,0.026595636490694158
71,20.16,-0.0003616115184467091,-0.0003551498394272981,-0.22290781867865947,0.04968789562807812,7.903619088371978e-05,0.04547361228404685,0.0020678494141598163,-0.00036186920784506355,-0.17127101655270158,0.02933376111099577,-0.00016717366753801687,-0.07008034908197981,0.004911255327452149,-0.0002670272096449842,-0.0887826037320147,0.00788235072543595,-0.0001300097159441058,-0.04125169000953982,0.0017017019286431677,-0.00028091004482471403,-0.15683905830036543,0.02459849020854543,3.807732570917404e-05,0.02107326504538124,0.0004440824996728867
72,20.447999999999997,0.00010879584495555682,2.334007120083459e-05,0.01765858548990205,0.00031182564150417926,-4.669021311449237e-05,-0.03238167918098693,0.0010485731465803623,-0.0002074547025091267,-0.08755113387419419,0.007665201042657073,2.2655260556857705e-05,0.00846844542500004,7.171456791620412e-05,0.0002160189766486614,0.06290535017663873,0.003957083080845542,0.00036120366323373707,0.1003786619683235,0.010075875778550954,8.209760969542725e-05,0.05054729832991632,0.0025550293684535614,6.134257084813766e-05,0.03743758642555371,0.0014015728773708038
73,20.735999999999997,5.550233019025932e-05,-0.0001361720178361203,-0.11098681336643301,0.012318072741235432,-0.00019417406210931287,-0.14507564133171288,0.021046941707807805,-7.62541818497166e-05,-0.03722477825464578,0.0013856841161075494,-0.000178246466668707,-0.07707002923388245,0.005939789406111497,-0.00027430866395292255,-0.09071129380051826,0.008228538822963942,-0.0003868365173256889,-0.1220795380634134,0.0149034136137764,-0.0002401574459948338,-0.16982236919117044,0.028839637077702193,-0.00028222197668597866,-0.19781904549765603,0.0391323747616037
74,21.023999999999997,-2.361112613306973e-05,-0.0002650210698912419,-0.16896251122062914,0.028548330197981225,-0.0004635405035102136,-0.27090524577319147,0.07338965218743325,-0.0006307398737080497,-0.3051194646585911,0.09309788771354519,-0.0007606906980617504,-0.32592965200844876,0.10623013805834851,-0.0005316236312625361,-0.18276568451973108,0.033403295437965864,-0.0006541235677309801,-0.21460693538058812,0.046056136713447916,-0.0005094972267351639,-0.25999786073022424,0.06759888758429307,-0.0007151411935486307,-0.3617413697463934,0.13085681858599693
75,21.311999999999998,-0.0003187668923593569,-0.00033236144395927384,-0.22139451996917556,0.04901553347238167,-0.0002756335319753136,-0.1683092767511159,0.028328012640483728,-0.0003986994024767037,-0.17312325387623975,0.029971661032696963,-6.833649456309046e-05,-0.026282015005618685,0.0006907443127555657,0.00011355336727011149,0.033263098304904204,0.001106433708841721,0.0005050541618697246,0.14118683821162217,0.019933723284194772,-0.00022751499012099168,-0.13168490022514737,0.01734091294730702,-0.00012213334596368513,-0.07007105426464244,0.004909952645758466
76,21.599999999999998,-0.00037423046269333555,-0.0002402591576324649,-0.18274835871264525,0.03339696261216566,-0.0002984648746117151,-0.208106927183014,0.043308493141556284,-0.00034353758717598984,-0.17912780184375096,0.03208676939337411,-0.00028610375832919475,-0.13213213083177772,0.017458899998146024,-0.0004551823144701969,-0.16739354390970612,0.02802059854265071,-0.0003493478402596047,-0.12260409137891362,0.015031763222849,-0.0003367831657165532,-0.2153712098076595,0.0463847580140149,-0.00021834773247622562,-0.1384090196101991,0.019157056709456482
77,21.887999999999998,0.0006363701691871245,0.00048439573456761424,0.3526463903263743,0.12435947661022158,0.0002994349531034136,0.19983032771995915,0.03993215987666627,-0.0006317494109693238,-0.30510043927942365,0.09308627804849727,-0.0004679843678675853,-0.2001822075565141,0.04007291622219931,-0.0006440734750877673,-0.2392774812759104,0.05725371304574366,-0.00046015642216311835,-0.16314188589666168,0.02661527493391938,0.00035317150094930076,0.22588492554761408,0.051023999589651155,0.00023872786554530963,0.15135025142292624,0.02290689860578299
78,22.176,3.3427374409077572e-06,0.0001543390998189301,0.11121636064250456,0.012369078874563639,0.0002950395777523205,0.1948914416592274,0.03798267403201203,0.0003819247723630729,0.17352035303117724,0.030109312916064376,0.0003628409154468479,0.14601080271414385,0.021319154509228642,0.000302177962488774,0.08729888771516464,0.007621095796304923,0.0002820818294735635,0.07777044959655373,0.0060482428304501025,0.00036089168812974975,0.21920828675999657,0.0480522729842529,0.0004748878442861143,0.28592331784485064,0.08175214368740746
79,22.464,2.540726289986252e-05,0.00026783372472912115,0.16447931841199534,0.02705344618527455,0.0004201991908654441,0.2365489486854017,0.05595540512416879,0.00023127348552094291,0.1170216866770943,0.01369407515275203,0.000276060121218614,0.12372011714683695,0.01530666738682706,-4.164564300502555e-05,-0.013455414416674952,0.00018104817712446416,0.00016946896185075216,0.05225300263497831,0.0027303762843710506,8.729015901082629e-05,0.05202928469070464,0.0027070464654263917,0.00012895145071769765,0.07618811637145687,0.005804629076230653
80,22.752,0.0005743199442340134,0.0004485528978111151,0.2882836638041745,0.08310747081635828,0.0005242175176243463,0.3088429339538408,0.09538395785321649,0.0009291117292928615,0.3996229693299166,0.1596985176160594,0.0009251341302272624,0.3524384994024295,0.12421289586103632,0.0008824765422688025,0.24862639841597844,0.06181508598930084,0.0009429456195709962,0.25352704381968666,0.06427596194794932,0.0005311032272921587,0.29569940235447983,0.08743813655279652,0.0004868791397828699,0.26870212906153046,0.07220083416219936
81,23.04,0.0006144425187848521,0.00040831171923796786,0.2406615522009063,0.05791798270774955,0.00018540612502417368,0.10017485430261727,0.010035001434550599,-1.2126735210473011e-05,-0.005309203969553022,2.8187646790317566e-05,-0.0004918634914299737,-0.1907331776796337,0.036379145067770714,-0.0002794810710046787,-0.08092154217337834,0.00654829598771785,-0.0008490998003871311,-0.2346194794787578,0.05504630015088326,0.00017627793203902988,0.09240289924060444,0.008538295788069297,-0.00013764216355786177,-0.07151836460125954,0.005114876475238695
82,23.328,0.00020959816052475253,0.00020730376501517902,0.14050613707570703,0.019741974555937368,7.389572542674086e-06,0.0045912103936609685,2.1079212878860508e-05,8.962382912804494e-05,0.04398510301529334,0.0019346892872659672,-0.00015241656433925097,-0.06625374422544177,0.004389558623890256,7.895494344105782e-05,0.02543211624634824,0.0006467925367677701,-0.00010992439397025498,-0.03379020522001298,0.001141777968810592,0.0002552301718737667,0.1654140841313578,0.027361819229015913,4.7759981445695565e-06,0.003068195684105923,9.413824755966216e-06
83,23.616,3.581951817114648e-05,-0.0003095603045332203,-0.22151178570261784,0.04906747120516248,-0.0006645015893671671,-0.43588043009862637,0.1899917493429635,-7.32306205878557e-05,-0.029120096639720778,0.0008479800283066774,-0.0008090152881614317,-0.28493970245095934,0.08119063403284126,-5.853791752657294e-05,-0.0169612320276104,0.00028768339189443683,-0.0008417205307124845,-0.23274567711507893,0.05417055021575658,-0.0002921912524543831,-0.18061322693647017,0.032621137744404866,-0.0007483307882519641,-0.4585158882300559,0.21023681975939712
84,23.904,-0.00014312257094303596,-0.0002558690760375322,-0.15862512495690215,0.025161930267592815,-0.0007877671868841806,-0.4476842721584703,0.2004212075380593,-0.0003780001565056021,-0.18090616029837678,0.032727038833901996,-0.0007895257947670568,-0.3346754378050431,0.11200764866999731,-0.000658773802155535,-0.21586102124618112,0.04659598049344425,-0.0008998941690802562,-0.2813992407933719,0.07918553271908609,-0.000363323515298065,-0.2079443230614941,0.04324084149350303,-0.0008331293595159652,-0.4726551930698748,0.22340293153592067
85,24.191999999999997,-0.0004726599266704636,-0.0005215562566835102,-0.2872695154664999,0.08252377451635766,-0.0009801290738466913,-0.49487034322479795,0.24489665660342935,-0.0010414078605924947,-0.3907313774324082,0.1526710093102271,-0.001329999391573856,-0.4419824446017177,0.1953484813361105,-0.0012079648319918532,-0.34267689443161464,0.11742745397729597,-0.0013048956471469026,-0.353264413382993,0.12479574576283019,-0.000711300389524822,-0.33536821562950986,0.11247184005452145,-0.0011125803298144062,-0.519970451578583,0.27036927051483556
86,24.479999999999997,-0.00031185312019583236,-0.00042076997829363516,-0.2572000358942642,0.0661518584640108,-0.0005450321092550578,-0.3053993733148067,0.09326877722107667,-0.0002468587536649806,-0.10291489166020697,0.010591474925432139,-0.00011649098551709419,-0.0430148238775952,0.001850275073220534,-0.00014490439972053167,-0.043689827939905675,0.0019088010654185626,-7.563948350618887e-05,-0.021764109041212724,0.0004736764423577974,-4.803233103824197e-06,-0.0026459856578758883,7.001240101684897e-06,-0.00012352763832205096,-0.0674522427132444,0.004549805047046434
87,24.767999999999997,0.0007647193695625574,0.00022541439685918848,0.15376890329142426,0.023644875619447385,9.924452507850983e-05,0.06206020391539558,0.0038514689100204807,0.0003012241020715433,0.15275731935729597,0.02333479861722691,6.270730980329327e-07,0.000281660937283001,7.93328835911386e-08,0.0003303984887319777,0.12303966804408037,0.015138759912397489,-0.00013740608056438166,-0.0488322377693776,0.002384587445565028,0.00025981280645032866,0.16810006421949658,0.028257631590598877,-1.3917504353225715e-05,-0.00892579945002151,7.966989582200428e-05
88,25.055999999999997,-0.0003892488229225453,-0.0003302157750398401,-0.26246954735794803,0.06889026329028615,-0.00040580345061665715,-0.2956763682486914,0.08742451474073576,-0.00047658500125095595,-0.2543894212031433,0.06471397762007026,-0.00037259899670548987,-0.17615561799037127,0.03103080174956961,-0.0005500951675765537,-0.17958456928187277,0.03225061752415576,-0.00032548882813642995,-0.10140534583147418,0.010283044163200875,-0.0007036620622894975,-0.4564681272002915,0.20836315114974152,-0.0006144705876130073,-0.39511712657983744,0.15611754371670727
89,25.343999999999998,-0.0006787936921804664,-0.0006692437266653274,-0.45653924940593016,0.20842808624813006,-0.0005512112072542314,-0.3446923337686455,0.11881280495887532,-0.00035318899617684397,-0.15983968284014682,0.02554872421043872,-0.0003685707765229395,-0.14773877129669688,0.021826744544257707,-0.0002847767089755506,-0.0919667882161645,0.008457890134796852,-0.00033462516355832787,-0.10312850585139255,0.010635488719140709,-0.0004789983278198563,-0.2968413914879526,0.08811481170050389,-0.000330487093810701,-0.20301278969168804,0.04121419277840155
90,25.631999999999998,-0.00014521510893673802,-5.14090845250348e-05,-0.035639794026638,0.0012701949182611816,-9.777607677151508e-05,-0.06213663014430418,0.0038609608056900517,-0.00020292256710490266,-0.10242173232374195,0.01049021125219625,-0.0004060752260312595,-0.18153668658046535,0.032955568574614104,-0.00045506966570825925,-0.1527704279165358,0.023338803645801456,-0.0008245075619648589,-0.26414939931017195,0.06977490515592466,-1.9167822558514038e-06,-0.00117503595134869,1.380709486961921e-06,-0.0001050991958066074,-0.0638640124026848,0.004078612080170278
91,25.919999999999998,6.0570065775537765e-05,0.0002791620726272513,0.19510491069764663,0.038065926178336665,0.00035492377711161154,0.2273875356269718,0.051705091358507364,-1.128401663460243e-05,-0.005517244711803595,3.0439989209924736e-05,0.00014772979543171448,0.06397683720207631,0.0040930356983809755,-8.251601329614226e-05,-0.025236235777948042,0.0006368675962401849,-9.12844746828546e-06,-0.0026642614199111326,7.098288913626886e-06,0.00017458658778430076,0.11122390449939558,0.01237075693209067,0.0002449746091335392,0.15469873658463834,0.023931699100883323
92,26.208,0.0001919985122841862,0.0004399423419308374,0.275309022034193,0.07579505761342378,0.00040526778001368917,0.2324805008529213,0.05404718327682513,0.00011093350776335521,0.059845515764488766,0.0035814857571176725,8.208361972484342e-05,0.03922125702920071,0.0015383070029506257,2.9345072204337887e-05,0.010274043949664762,0.00010555597907964307,5.033571563166823e-05,0.016818066306381656,0.00028284735428584987,0.0003112154696323927,0.17904162564148454,0.0320559037123455,0.00020982334578739564,0.11965340929710107,0.014316938356419595
93,26.496,-0.0002974591246007865,-0.00029444644487395654,-0.20360869909316168,0.04145650234640964,-0.00017173658830024519,-0.10886107505700204,0.011850733662566233,0.00024510825514622935,0.10451004352110214,0.010922349196782666,0.00035186628221373236,0.13288436424773822,0.01765825426152557,0.00025237466762160024,0.07517457875490775,0.005651217290977829,0.00028239445358323065,0.08027401440126584,0.0064439173880946376,-0.00030607999529099015,-0.19632845838588886,0.0385448635721797,-7.75126163227242e-05,-0.049283227337353526,0.0024288364967852702
94,26.784,-0.0008700614097531021,-0.000547694257743832,-0.3963044038727211,0.15705718052891282,-0.00048694993397022313,-0.32299425360367456,0.10432528786099485,-0.0004883080769196659,-0.20887035532996548,0.043626825335666045,-0.0006883337185387291,-0.2607822826670969,0.06800739895306163,-0.00042834432206338306,-0.11973836149652488,0.01433727521387247,-0.0006292621142631772,-0.16786704975883512,0.028179346394735228,-0.0006405250416602643,-0.3755322913492966,0.14102450184605297,-0.0007273792909536238,-0.42271780373880935,0.17869034159776256
95,27.072,-0.00041066264909674034,-0.0004809862368500571,-0.3053345761197315,0.09322920337421611,-7.859906781503753e-05,-0.045738351352649476,0.0020919967844584123,-0.0008043382619590353,-0.345148114269865,0.11912722078404382,-0.000614472155872423,-0.2335420699171368,0.05454189842118082,-0.001162629170169297,-0.3574802490797873,0.1277921284821468,-0.001017122044188992,-0.2984540522314373,0.08907482129336551,-0.0004628063641351151,-0.2873982070981855,0.0825977294432515,1.837170367162242e-05,0.01130869776953577,0.0001278866452427033
96,27.36,-0.0007420710898258369,-0.0006625281569291922,-0.42070738197384266,0.17699470124728475,-0.00020729641865484908,-0.12066668038716306,0.014560447755657766,-0.0004744463727809131,-0.2405528182028663,0.05786565834534126,-0.00025696428307417585,-0.11539638963470732,0.013316326740725186,-0.0004980912724367304,-0.16741914755817,0.028029170969104303,-0.000301029680417246,-0.0965604070765134,0.009323912214781977,-0.0006461599496429206,-0.4161647828135032,0.17319312645421028,-0.00022887510359538606,-0.14611751495121592,0.021350328175518806
97,27.647999999999996,-0.0009231149989937979,-0.000586583327946968,-0.41334643884716,0.17085527850762897,-0.00028482468412815125,-0.18398477389848447,0.03385039702647645,-0.000866636448373073,-0.38385293853581937,0.1473430784225835,-0.000790352443475444,-0.31005936983982646,0.09613681282547032,-0.0008306226596923737,-0.2345958423941475,0.05503520926861969,-0.0004379711157587728,-0.11804717063655637,0.013935134495296255,-0.000814104147398468,-0.49140613677656236,0.2414799912616655,-0.00044800207831617394,-0.2680520116318536,0.07185188093988339
98,27.935999999999996,-0.0012918292437624785,-0.000915503866540105,-0.5956442460546238,0.35479206785798123,-0.0010056979255865348,-0.5998105443256198,0.35977268908419635,-0.0006346953518328382,-0.2961565556223236,0.08770870543807845,-0.0005938611345184666,-0.24543532881446972,0.06023850063026685,-0.0004540058464192256,-0.15986464342098813,0.025556704216119684,-0.0002898057924627382,-0.09738489843885384,0.009483818443945876,-0.0009413394778522914,-0.5375421285328663,0.28895153994764466,-0.0009815459080961333,-0.5555911057209902,0.30868147675627255
99,28.223999999999997,-0.0015791012773969091,-0.0012642171054084756,-0.6703040555450174,0.4493075268800978,-0.001163710372054923,-0.565607114719353,0.3199114082211512,-0.00032687165612158513,-0.15128413826169965,0.022886890489585057,-0.0005001936020591522,-0.2050455767883887,0.04204368856048301,-0.000394674703625268,-0.1180397004417976,0.01393337088038931,-0.0005652643810904875,-0.16133700982037136,0.0260296307377786,-0.0011749880212512946,-0.5992219159936746,0.3590669046071304,-0.0011676156635078044,-0.5902453791053636,0.3483896075552343
100,28.511999999999997,-0.0005146593967321277,-0.0006152321591574573,-0.41267469484447405,0.17030040376497974,-0.0007681979817911497,-0.4723476356640569,0.22311228891742466,-0.0006009847636024629,-0.28982849946562034,0.0840005591024931,-0.0009746445959554305,-0.4163130705249049,0.17331657268987444,-0.0008066540219765763,-0.2347846862803783,0.05512384891177566,-0.0011138315271265213,-0.30938235858911467,0.09571744380616352,-0.0005229137482856949,-0.333514227020142,0.11123173962484283,-0.000749675262960826,-0.4739537007063848,0.2246321104132774
101,28.799999999999997,-0.0008932369544853468,-0.0006812074734330774,-0.4176489141729254,0.17443061550982358,-0.0008196415947220228,-0.46065492233016925,0.21220295746701423,-0.0001246710785905664,-0.057740558469157335,0.0033339720923301766,-0.0005520710201399697,-0.22646774411964016,0.05128763912663881,-0.00010914219777837054,-0.03330713482065783,0.0011093652299614771,-0.0005872901143934334,-0.17103730583562196,0.029253759987508086,-0.0005643438433859323,-0.31187216842362386,0.09726424943725323,-0.0007670164459101273,-0.4201611933041602,0.1765354283587759
102,29.087999999999997,-0.0005444282902585196,-0.00039161021939236845,-0.2797638511781571,0.07826781242603403,-0.0004889246457319643,-0.32018374851673675,0.10251763281422892,-0.00044559651109377644,-0.22053951386783127,0.048637677177059344,-0.0006750664020183265,-0.29592882198475295,0.08757386768128363,-0.0004880405867934026,-0.1594235034155955,0.025415853441302382,-0.0006686694021166344,-0.2084497770450205,0.04345130955011875,-0.00035519614455530133,-0.2307977653243616,0.05326760847871909,-0.0004932131403343793,-0.31767016501382384,0.10091433373991007
103,29.375999999999998,-0.0007133635121891867,-0.0005194737179142178,-0.37147221247074885,0.13799160463791316,-0.0005536766651622127,-0.36294326920580744,0.13172781666179922,-0.0001739871443826815,-0.08271599173238381,0.006841935288271787,-0.0004391309498782209,-0.18491089836560992,0.03419204033437693,-0.0001189829834126894,-0.0444666904609053,0.001977286560545967,-0.0003350404746495343,-0.11949254317507818,0.014278467874447922,-0.0004547543938063433,-0.28946384178456025,0.08378931570067691,-0.000469243534063656,-0.29606982600130827,0.08765734186844494
104,29.663999999999998,-9.725020817688993e-05,-0.0002045372114977573,-0.1506790262092201,0.022704168939358844,-0.00013113695907118964,-0.08855750176140545,0.007842431118221327,-0.0005246393212798227,-0.27509382648529745,0.07567661337032294,-0.0009077669833725813,-0.4215902224014517,0.17773831562450554,-0.0006587592587980851,-0.21254619863155597,0.045175886552724843,-0.0009969873559900293,-0.3069798266853657,0.09423661399177717,-0.0003209181475740925,-0.20538525615835215,0.04218310344723193,-0.0003512745187619263,-0.22284355000882175,0.04965924778053424
105,29.951999999999998,-0.0003521883795190844,-0.00025185280516292255,-0.19254228577061297,0.03707253180977239,-0.0005098403544612503,-0.3573002433848368,0.12766346392286362,-0.00020776420618734762,-0.10028118596060537,0.010056316257665518,-0.0002745640756002263,-0.11737850821776068,0.01377771419142691,5.595917547776348e-05,0.019029513884705297,0.00036212239868819166,5.8957914905692315e-05,0.019133396857369443,0.00036608687530159483,-0.00014712986043751341,-0.09931155751426092,0.009862785455908352,-0.00035710891913238497,-0.23893408094853222,0.05708949503871974
106,30.24,-0.00039103242878152437,-0.00029724657769314065,-0.22532403448813262,0.05077092051800919,-0.000502097131954526,-0.34889775109798815,0.1217296407212337,5.532344400775589e-05,0.029956733429743695,0.0008974058777807235,-6.835029797793315e-05,-0.03278096993270074,0.0010745919897286304,2.048964060138015e-05,0.007081918178419487,5.015356508582838e-05,-6.683626684104109e-05,-0.02204562037117459,0.00048600937754994793,-8.709763334582514e-05,-0.05315185497004986,0.0028251196867572137,-0.0003110709273834516,-0.18816980243669654,0.0354078745490654
107,30.528,0.00030892789468689756,0.00041886998533625263,0.2972536811106681,0.08835975093384277,0.0005143855691093814,0.33462358667124337,0.11197294475672712,0.0004265226066447841,0.2161044238987957,0.04670112202863039,0.00041426086838048396,0.18590524996453628,0.03456076196437671,0.00046255510677782233,0.15474816005761613,0.023946993041217585,0.0002857382133911127,0.09122710959167182,0.008322385524450901,0.0006339340553562428,0.3635112433906012,0.13214042407138094,0.0007458484231576985,0.4239384177647041,0.17972378205684075
108,30.816,0.0005888290275943115,0.0004598291939174678,0.33168944408267226,0.11001788731587217,0.0004896774808733723,0.323791181112071,0.10484072896594997,0.0011068700640534423,0.5602426749127402,0.31387185479338225,0.001101669577694411,0.49388637141120334,0.2439237478657251,0.0011332833003476856,0.3984503642592989,0.158762692778368,0.001133229506358207,0.3802307087588211,0.1445753918832354,0.0006057159283582624,0.39294306646949795,0.1544042534864523,0.0005502155701408069,0.353811500376878,0.12518257779893752
109,31.104,0.00016071552406622506,0.0002732883672600191,0.1893477075079195,0.035852554338504636,0.00044291812191437073,0.2813080296928954,0.07913420756969892,0.00033251965577321604,0.14948521566788597,0.022345829703274384,0.0004479588045874218,0.17836725861693287,0.03181487894651981,0.00013935146915850156,0.04758159641072145,0.0022640083169927798,0.0002949850595794656,0.09612161383112007,0.009239364645498972,0.00022777610211660766,0.15271454133539852,0.02332173113528114,0.00038666910106282463,0.2569745639324974,0.0660359265082972
110,31.391999999999996,-0.00021284365264934938,-6.724694888902343e-05,-0.04895280428212351,0.0023963770470838896,-6.1884871960143545e-06,-0.00412961211898519,1.7053696253269355e-05,-0.00035040319070580905,-0.17779858427300474,0.03161233656948476,-0.000268719114293935,-0.1207688542911565,0.01458511616679859,-0.0003743736058740247,-0.12467158847410444,0.01554300497265645,-0.000351824503128591,-0.11181033011401027,0.012501549920203952,-0.0001532703983329554,-0.10803867860196319,0.011672356074058301,-8.114912159436581e-05,-0.05670002291260709,0.0032148925982901696
111,31.679999999999996,0.0003882399894816648,0.0002464751341318929,0.1873785438618189,0.035110718699775584,0.00041128631475340646,0.28662283069145855,0.0821526470735845,0.00035022540306799013,0.13556964379422254,0.01837912831849238,0.0005217767088194354,0.17889394473541273,0.0320030434629969,0.0003935793398858247,0.11044604481286012,0.012198328814804307,0.0005237370488584209,0.140257065396403,0.01967204439361087,0.0004924643877387136,0.2960917040003368,0.08767029717782306,0.0006632661813038057,0.3952917010875474,0.15625552894868694
112,31.967999999999996,0.00087722165584726,0.0008245611496507815,0.4758292376905853,0.22641346344120356,0.0009571691059848438,0.5063335465451063,0.2563736603569454,0.0003668185180132996,0.1390627272534997,0.019338442111181246,0.0009004364816783688,0.3023491230052122,0.09141499218202095,0.0002694405473384079,0.07586609725841338,0.005755664713223038,0.0007278646659883784,0.19558205490573427,0.03825234020114965,0.0008094071539497793,0.40206708611826497,0.16165794173963233,0.0010679703340716507,0.5258587522030714,0.27652742726857127
113,32.256,0.0006866436361555364,0.0007107441249856148,0.45825311423821025,0.20999591670901813,0.0008943690313135204,0.5286018432218007,0.2794199086574852,0.0010231222034412003,0.41484489850371614,0.17209628981455857,0.0015403336194715783,0.5531834506224412,0.30601193004255095,0.0013131087112578002,0.4164155528943318,0.17340191269229208,0.0015861111874084122,0.48001351343957843,0.23041297308460834,0.0009655021697501572,0.47116984244922167,0.22200102043362438,0.0011943187008541804,0.5777273095819226,0.3337688442367666
114,32.544,0.0015134006738972544,0.0014765937430515673,0.7018044552791897,0.4925294934497201,0.001710986952279856,0.7454552344578707,0.5557035065806388,0.0010316596165418814,0.4165605147075448,0.17352266241341457,0.0014768638686838515,0.5281755297681138,0.2789693902458276,0.0011512485005034676,0.34859159541550594,0.12151610039432778,0.0014546786867442264,0.42034751710350304,0.1766920351350798,0.001326501575440269,0.6510933500779743,0.4239225505157596,0.001404454996111612,0.6833162526751427,0.4669211011699996
115,32.832,0.0008545678811329253,0.0008473695983496331,0.4567893901729087,0.20865654697453784,0.001161043733364826,0.5737351820560829,0.32917205912892655,0.0008428546078124208,0.36472087022500715,0.1330213131776865,0.0010648796111289783,0.4081357166401859,0.16657476319739808,0.0010244217189708847,0.31797095099499956,0.10110552567666439,0.001082371494003306,0.3206111267697854,0.10279149460859142,0.0008037157805733786,0.3790801993140576,0.14370179751198564,0.0011230711834814223,0.5250665141428752,0.2756948442741502
116,33.12,0.0008171561502799053,0.0008797082448768488,0.5506130725197872,0.30317475562968044,0.0009429775632029559,0.5410395198896002,0.29272376208236917,0.0011251043510796057,0.5209754182337956,0.2714153864038782,0.0015432646223781292,0.6329377061384183,0.40061013985176264,0.0013575890342347723,0.43826172563199217,0.19207334015393157,0.0018069748712482951,0.5566867856005232,0.309900177262243,0.0009675851384066885,0.5457206612636988,0.29781104013008874,0.0010217637743853098,0.5712288615392186,0.32630241225539175
117,33.407999999999994,0.00044051170682937203,0.0005984726785564442,0.4192533522321485,0.17577337335789397,0.0007711087931816142,0.49518518659368327,0.24520836902182086,0.0006741210132116921,0.3423220383760164,0.11718437795791081,0.0007503538178486005,0.33748869656100333,0.11389862030644499,0.00036443567785521155,0.13884934409535898,0.019279140355711395,0.0004264735892597353,0.15506317162324185,0.02404458719385896,0.0004662769808162001,0.30861543708815165,0.09524348800911087,0.0005990967986312773,0.3930511783504317,0.1544892288026629
118,33.696,0.0003977575914111859,0.0005718315957966272,0.3774405127736984,0.14246134068287242,0.0005063191640764407,0.306354669978496,0.09385318381763318,-3.360437355754681e-05,-0.016370481138667146,0.00026799265271145676,-0.0002749441261721206,-0.11863319485936921,0.014073834922541063,5.063302808147722e-05,0.01796194038998224,0.00032263130257327534,-0.00022281993992668685,-0.07543397245712123,0.005690284200661726,0.00044820017082771504,0.2836981539790535,0.08048464257112276,0.00021940946419572464,0.13766333376501133,0.018951193463296913
119,33.983999999999995,0.0004162368572826042,0.0005204164852305303,0.3647339334582409,0.13303084221592051,0.0005597139333370898,0.35959282456429303,0.1293069994781264,4.7924628579166484e-05,0.02218143493449172,0.0004920160557530898,0.00017723687577327302,0.07265761002144422,0.005279128294028271,-0.00020446853994266853,-0.06311494647661439,0.0039834964687459,4.710784892680045e-05,0.013876903629383241,0.0001925684543391898,0.00038809146050532763,0.2315265132488547,0.05360452633717209,0.0005114836722587508,0.3024662018867087,0.09148580328377122
120,34.272,0.0007732412820240918,0.0005000523051642341,0.3364300861956231,0.11318520289759439,0.0006238586336506328,0.3847559607160789,0.14803714930655285,0.00047075310825631117,0.21392077282928265,0.04576209704787756,0.0008505070206264001,0.34232120796579435,0.11718380942316062,0.0004213363689369449,0.14242348951370823,0.020284450365261355,0.0008314960524771542,0.26822943941843386,0.07194703217072727,0.000584920347046088,0.3483405546704401,0.12134114202810989,0.0007399679901997884,0.43681614005876535,0.1908083402158389
121,34.559999999999995,0.0007723830660352014,0.0007942595951574624,0.4472011994495487,0.19998891278911507,0.0010365000014367744,0.5349701750389726,0.286193088181229,0.00034994282802724367,0.17682116236034334,0.03126572345846291,0.000555781400615899,0.24873522522186722,0.061869212266173014,0.00010671864121498163,0.03610175194405538,0.0013033364934301062,0.0005189132220329457,0.16752371826794826,0.028064196182318903,0.0007366506878321538,0.383874142056265,0.1473593569394335,0.0010489210267246151,0.5418118322735143,0.29356006159158277
122,34.848,-0.0004007113930735676,-4.085789805643451e-05,-0.03308998169248323,0.0010949468884088752,5.081322721415312e-05,0.037723941142761196,0.0014230957353425107,-0.0001662273369900335,-0.08133417362871348,0.0066152477998657104,-8.029703278200559e-05,-0.034798958699269994,0.0012109675265534984,2.6410114083705413e-05,0.008066133132311729,6.506250370817702e-05,9.281285739783211e-05,0.027051841123390208,0.0007318021081651456,3.9960722306487134e-05,0.026279799389624856,0.000690627855958927,5.6330656659862754e-05,0.03672078556712306,0.0013484160926666333
123,35.135999999999996,-5.769678200878035e-05,-9.061416156080483e-07,-0.000672948252374066,4.5285935037330967e-07,-8.508422988385776e-05,-0.057923452436518315,0.0033551263421656,0.0006021908678449994,0.2695549057005818,0.07265984718724959,0.0003665159287115991,0.1453121970155287,0.02111563460147982,0.00045405715596143556,0.14937478918206773,0.022312827643187174,9.569902341788243e-05,0.030044699381002397,0.000902683960894806,7.868170417547523e-05,0.04966153607519828,0.00246626816534822,-0.00014351038410523255,-0.08978590224183527,0.008061508241380402
124,35.424,0.0004927078763911874,0.0002810704137333767,0.20862003220210412,0.043522317836006956,4.7854473413599934e-05,0.0325599096141361,0.0010601477140807123,0.0005997336503199635,0.31937648788867473,0.1020013410161048,0.0003114723170204138,0.14691296287429334,0.021583418660503492,0.0003893818326572204,0.14913446080238457,0.022241087398817982,4.1312691707490595e-05,0.015100084995712061,0.0002280125668777285,0.000473287014309182,0.3023985443483361,0.09144487962399257,0.00020343931926537868,0.12884525667686506,0.01660110016812724
125,35.711999999999996,0.0006958811687712162,0.00037813910220785545,0.27062648812439977,0.07323869607454588,0.00017781646520780844,0.11665690755455989,0.013608834080193135,0.0001898270481440429,0.08681029346480307,0.007536027051445232,0.00020386819437663594,0.08257693265810251,0.0068189498072207975,-5.910221247538773e-06,-0.0017620441496648408,3.1047995853680917e-06,0.00017077060960702265,0.04858696280314146,0.0023606929544338516,0.00021103058007076905,0.13684583704051603,0.018726783115319477,0.00012183253389117653,0.07831192652762951,0.006132757836468843
126,36.0,-0.0002144685006538688,-0.0004250089273677608,-0.2944360841765993,0.08669260766524944,-0.0004805828652075763,-0.3051975456878246,0.09314554189387178,-0.0002131051115598229,-0.10379865002380555,0.010774159746764468,2.1321787648924695e-05,0.009198512281416514,8.461262819137042e-05,-0.00018571441159938334,-0.06482170371459398,0.0042018532724626065,0.00023506921032678856,0.07830043221758426,0.006130957685460507,-0.00044660027409994355,-0.2618291450001471,0.06855450117150806,-0.0003244363326546876,-0.18854148329035011,0.035547890921325376
127,36.288,-0.0006437836233747672,-0.0005672602306063073,-0.3540102696821599,0.12532327104043559,-0.0002617356081197156,-0.1497325111922206,0.02241982490792847,-0.000657524754779141,-0.3367025964496694,0.1133686384559489,-0.0003043694200945083,-0.13804844362701107,0.019057372787840057,-0.00044430763033086353,-0.15882283317786372,0.025224692338643526,-0.00016795260584578174,-0.05729404567685028,0.0032826076700210064,-0.0004930072705607036,-0.29676431344431997,0.0880690577340786,-2.7856469178166108e-05,-0.01662121827995907,0.00027626489711004556
128,36.576,-0.0002994606099155779,-0.00018332520632369185,-0.13625835836532724,0.018566340224413946,7.501855512700356e-05,0.05111277249904788,0.002612515512539425,-7.610663907382334e-05,-0.04097056976649628,0.0016785875869913393,0.00032131097630231384,0.1532043731361381,0.023471579948037037,-4.195474649346739e-05,-0.016147021509942558,0.0002607263036425477,0.00024223529782108367,0.08896974100093538,0.007915614813773522,-8.145632646502018e-05,-0.054209120542468785,0.002938628749987911,0.00022818575883481242,0.15052703641761667,0.022658388692670495
129,36.864,0.00017194026134301972,0.00017997953518334285,0.1298324972473732,0.01685647734148917,0.000402332447053872,0.2660511357285027,0.07078320682242617,0.0003622788100612649,0.1790038213958153,0.03204236807430495,0.00042860208779465565,0.1875727702464129,0.0351835441379136,0.0005010110955705709,0.15628734461841157,0.024425734087874143,0.0006376356354607916,0.18982028670719578,0.03603174124560201,0.0002538288317880936,0.15539195422165467,0.02414665943682482,0.00028494548202394614,0.1729130559878204,0.029898924931047104
130,37.151999999999994,0.00030968867503885356,0.00023500328018543032,0.17434945675522331,0.030397733070841492,0.00039224127928088654,0.26675940790748903,0.07116058170715416,-7.927078499431971e-05,-0.036907182803213374,0.0013621401424698091,4.47962818339277e-05,0.018472932604071478,0.0003412492389945671,-8.814916248236927e-05,-0.02646414358744381,0.0007003508958168433,-5.601060382419708e-06,-0.0016047355905835017,2.57517631568538e-06,8.584219814096285e-06,0.005655848315608286,3.1988620169169083e-05,0.00020221420743498633,0.132064783195847,0.01744110696056607
131,37.44,-0.0009658961834153393,-0.0007477806805728656,-0.48223268530231583,0.23254836277388233,-0.0005266629924962438,-0.3113400413415167,0.09693262134253731,-0.0006647513312811409,-0.31023047606713366,0.0962429482808404,-0.0005191519859160106,-0.21459317413140822,0.0460502303837929,-0.0006363155448836846,-0.21743582169135778,0.04727833655459593,-0.0005082676478282607,-0.16574659073896128,0.02747193234158872,-0.000757933049394834,-0.44043808603609436,0.19398570763113807,-0.0005648533055528838,-0.32536297478009796,0.10586106535775464
132,37.727999999999994,-0.0011643169614339855,-0.0010786120734641148,-0.5601432180736489,0.3137604247539034,-0.0011144644600417247,-0.5305420390388332,0.28147485518748283,-0.001271750531086973,-0.5147560129410014,0.2649737528589164,-0.0014866740430685315,-0.5329805982414514,0.28406831810181543,-0.0011999948285215361,-0.3945481405070216,0.1556682351775484,-0.0012452434889284633,-0.3907225550738767,0.15266411504345864,-0.0010254977838075098,-0.4864874310986385,0.2366700206169525,-0.0011067349015591395,-0.5204259427651701,0.2708431619030161
133,38.016,-0.000472789443160632,-0.0004450648002578478,-0.3198953524052707,0.10233303649049233,-0.00047193180566869986,-0.31094509042132873,0.09668684925712827,2.0518729462988327e-05,0.011254002541111278,0.0001266525731953391,-0.00022044722073261448,-0.10709206965144943,0.011468711382230897,-2.1944810400594323e-05,-0.007602473928151558,5.779760982822419e-05,-0.00036696165400606194,-0.12132138716781239,0.014718878984322229,-0.00034292557535129796,-0.21245120064128584,0.0451355126539239,-0.0005032400751474822,-0.30903876951619286,0.09550496106408257
134,38.303999999999995,-0.0009199256971234879,-0.0007761141296065375,-0.4677580249950405,0.2187975699472609,-0.0008598902077612997,-0.4750709057088422,0.22569236545101962,-0.000419560457921661,-0.2021018932017875,0.04084517523574672,-0.0006007354701862974,-0.2563039190921596,0.06569169894200028,-0.0007575775801641451,-0.24531971512545656,0.06018176262923516,-0.0007821208589888567,-0.24169784758210533,0.05841784952582263,-0.0008221426971671137,-0.4457749116282565,0.19871527183717988,-0.000900160259635522,-0.4838009184048463,0.23406332864937276
135,38.592,-0.0007092796216688291,-0.0005152414348100081,-0.3054339411116625,0.0932898923830025,-0.0009929854111668593,-0.5395965407581171,0.2911644267981263,-0.0006548659961191878,-0.29710011278927473,0.08826847701939977,-0.0009978690499594042,-0.4009775606696123,0.1607830041605527,-0.0009477938281192292,-0.27045949076970227,0.07314833614740666,-0.00112648685359539,-0.30676658637670834,0.09410573851721847,-0.0006971456265205188,-0.3357565483941605,0.11273245978956026,-0.0012512478765888194,-0.5973416145604393,0.3568170044856724
136,38.879999999999995,-0.0005782915923193777,-0.0006747863510130378,-0.43928533795033886,0.19297160813814346,-0.0009115084349130869,-0.5439523837018588,0.29588419573493424,-0.0005624618097430426,-0.26552101436208786,0.07050140906787206,-0.0009483035684201477,-0.3965056533681377,0.15721673315289378,-0.00046870161635743744,-0.1535768312660636,0.023585843101724978,-0.0007872785359030994,-0.246179133497129,0.06060416576939726,-0.0008707656523044377,-0.4846495944246427,0.2348852293759707,-0.0011318190863841416,-0.6244274848922786,0.38990968388889674
137,39.168,-0.00043404581385274673,-0.000507152103185244,-0.33997953836862477,0.11558608650934322,-0.0006571625227938723,-0.40383793358649217,0.1630850766034081,-0.00045300160855193516,-0.21039568720243912,0.0442663451933866,-0.0008066755095669939,-0.33184257258476296,0.11011949297967366,-0.00043987739646844524,-0.15319363957163837,0.023468291205205043,-0.0006650206896877066,-0.22102317921789671,0.04885124575158648,-0.000547004712409574,-0.29288067390987804,0.08577908914990433,-0.000754508363807308,-0.40044432129702123,0.160355654459032
138,39.455999999999996,-0.0002745132764142677,-0.00039704131641275895,-0.2511554901841541,0.06307908024964273,-0.0008191685434443519,-0.47500700538373525,0.2256316551636239,-0.0002703847863054608,-0.13096308511034865,0.01715132966162043,-0.0006466631363712262,-0.277421994916271,0.0769629632633235,-0.00031164676045304906,-0.09940031926641162,0.00988042347026456,-0.0008479333131403141,-0.2580955024672893,0.06661328839384252,-0.00024387911095472337,-0.13310464226977858,0.01771684579376572,-0.000656148949106081,-0.35497639172124873,0.12600823867943742
139,39.744,-0.00025798432906706386,-0.00023924673284731704,-0.14855404001218647,0.0220683028039423,-0.0007345745573100697,-0.418113420165665,0.17481883212262994,0.00010124451259049557,0.05230290663095143,0.002735594042046023,-0.00010751826761756186,-0.049196332636878136,0.0024202791449183603,5.256474609500575e-05,0.016645645011739707,0.0002770774978568549,-8.929233956785692e-05,-0.026984466483269125,0.0007281614313866747,-0.00025194176080428263,-0.15414282462203105,0.023760010382458223,-0.0006580506161282001,-0.3990808480320138,0.1592655232659513
140,40.032,-0.0006091011421471708,-0.0005174281487140012,-0.30948774420533737,0.09578266381330834,-0.000525626689972614,-0.2881977511592144,0.08305794377322846,-0.0009791463135217242,-0.3839452955684279,0.14741398998912747,-0.001056251092037796,-0.3668470819384833,0.1345767815267803,-0.0008704698437140047,-0.26052743115031995,0.06787454238178471,-0.0010426757031510793,-0.29781224940411594,0.08869213589513934,-0.0005871269863699393,-0.2921803218685309,0.08536934048719833,-0.0004888270649040449,-0.24113075042955182,0.05814403880271881
141,40.32,-7.757503099763072e-05,-0.00027002229257643023,-0.2226299036712582,0.04956407400867371,-9.384426856750495e-05,-0.0709269697553787,0.005030635038680405,-0.00019053341996954452,-0.09872869254660532,0.009747354731962124,-0.00012016185524826013,-0.055148663033483016,0.003041375034380656,-0.0001988465855288964,-0.06314375268504091,0.003987133503149612,-2.0115350470651794e-05,-0.006095838194749804,3.715924329657055e-05,4.844941173343789e-05,0.031905302611528664,0.0010179483347332178,0.0001274617311027632,0.08320177776205503,0.006922535822766396
142,40.608,0.0001618415171803313,0.0001809615102560267,0.13674926406566845,0.018700361222501922,0.00037092379547829245,0.2569468243673524,0.06602167055246705,0.00050763884856637,0.2511803546825505,0.06309157057845188,0.0005129462946066805,0.22480131965128042,0.05053563331695716,0.0007114351422424412,0.2328965092552031,0.054240784023258916,0.0007109963866991611,0.22212049628331743,0.04933751486914723,0.0004775299536937719,0.3181543360457631,0.10122218154472036,0.0005650092593300044,0.3731395012154822,0.13923308736733886
143,40.895999999999994,0.0007128215226282649,0.0002018581567763324,0.14675446005149806,0.021536871545006733,-6.98937696246945e-05,-0.04658040321407304,0.0021697339635856263,0.00010934764577058721,0.049673685868953966,0.002467475067807517,0.0001972710071950144,0.07937364997937074,0.006300176311047661,0.0002836566543705285,0.08143648277344705,0.006631900726509937,0.000558131331904716,0.15291708531201176,0.02338363498032108,0.0001985009324169315,0.12238499127811864,0.014978086090145172,-9.634861697692877e-05,-0.05888294578863991,0.003467201304747906
144,41.184,0.00010748072792519292,-6.535133871627477e-06,-0.004787157900578831,2.291688076507432e-05,-0.00022104541120959522,-0.1484309754395666,0.022031754469941222,-5.7539241367279224e-05,-0.026866876711876948,0.0007218290642511957,-0.0002279816275021011,-0.09428639715135037,0.008889924687782174,-1.9328497745468786e-05,-0.005875643272115663,3.4523183861158064e-05,-0.00036471806178780365,-0.10580548128873493,0.011194799870740837,-5.9821309163033616e-05,-0.03687894909856275,0.0013600568866143823,-0.00035520646356519085,-0.217061058848655,0.04711550326849927
145,41.471999999999994,0.00015381549392194042,2.8215037606021616e-05,0.02156465458249498,0.00046503432726232165,-0.00017843273291922752,-0.12501328684159324,0.015628321886938475,0.00028028550167792887,0.1332549481500894,0.017756881206483013,8.80494534072619e-05,0.037077079294916146,0.0013747098090414996,0.0005232684650747853,0.17212996048335144,0.029628723296000126,0.0002857759550812363,0.0897121298744573,0.008048266246611493,6.385699937347808e-05,0.04357942156132044,0.0018991659836192813,-9.401730408942482e-05,-0.06360030254110666,0.004044998483320297
146,41.76,0.0002811514768450519,9.804161029534851e-05,0.07444654410701719,0.005542287929478056,-2.479290538873994e-05,-0.017257635949173646,0.00029782599855421066,0.0004746420914034579,0.25169124519625063,0.06334848290843915,0.00032048403421026597,0.15052353174420866,0.02265733360874979,0.0003884879757705504,0.1428095669831939,0.02039457242192734,0.00019363859502882533,0.06793056395363813,0.0046145615190593195,0.000187566411218945,0.13270885918695124,0.017611641306702053,2.8493404681012895e-05,0.019983319251927853,0.0003993330483244704
147,42.047999999999995,0.000226692010684389,0.0002017201949171961,0.15297145391670225,0.023400265713389753,-1.2360745814305978e-05,-0.008592617207633341,7.38330704769166e-05,0.0002887760167868482,0.12681559237017487,0.016082194468198356,8.227071015276584e-05,0.03200021671684639,0.0010240138699251357,0.00021806736014515023,0.07228706137480986,0.005225419242205528,-1.538724517900381e-05,-0.004867706158827432,2.3694563248686516e-05,0.00014482255906225072,0.0947698987749313,0.008981333713810725,-4.566518160348661e-05,-0.029620870816438293,0.0008773959879241258
148,42.336,0.0006496039115650638,0.000561605134459345,0.37387806030427817,0.13978480397688942,0.0003437003763966194,0.20974841745721612,0.0439943986258066,0.0003244675183621755,0.15939504803150678,0.025406781336966347,0.00025166792601393997,0.10950340110905836,0.011990994854451327,0.000389350944093031,0.12845144891803395,0.016499774729142287,0.00029342381953676507,0.09238186331414548,0.008534408669393461,0.0005867304783336596,0.34662842580633724,0.12015126557697946,0.000290213117008205,0.16994993289429522,0.028882979690775443
149,42.623999999999995,0.00042965871271969796,0.00021946150959407563,0.15786872573933786,0.024922534566562276,-6.0028802733143014e-05,-0.03958377383619398,0.0015668751511149547,0.0007324349118614002,0.29991991956566977,0.08995195815227784,0.0007915559311573231,0.2870873270774622,0.08241913336848174,0.0007621538981867199,0.24338028437137002,0.059233962820688935,0.0009303204604204688,0.28351031701222246,0.08037809985237086,0.0003308226224090244,0.20966593781655088,0.043959805480493774,7.715820744577172e-05,0.04847225722135407,0.0023495597201331118
150,42.912,0.000581718139712552,0.0004799980650588037,0.3316581223868785,0.10999711014518963,0.0005107851845389196,0.3235260212801086,0.10466908644533728,0.000757975500479134,0.3369907864254398,0.11356279013563635,0.0009542881103703897,0.3757841964770843,0.1412137623219279,0.0007366786436877733,0.22181825340197323,0.049203337542302,0.0009531745324021912,0.27389569596045654,0.07501885226566285,0.0005307216638824536,0.3018992781131574,0.09114317412524554,0.0007981692317951713,0.4500581957125542,0.20255237952803973
151,43.199999999999996,0.00011767605650967315,0.00010429369869788355,0.06736136650332383,0.004537553697195118,0.00045130033619095877,0.2672011050795181,0.07139643055571566,0.0009482927284669844,0.3361239367198816,0.11297930083607098,0.0012818580789139378,0.40243255532948946,0.1619519615890226,0.0008787475385701633,0.23105595560260897,0.05338685461943481,0.0011018144634420855,0.27647450608993007,0.07643815251767076,0.00031690668407156864,0.15334800758698997,0.02351561143089953,0.0007645603594573107,0.3667219870697634,0.13448501580039568
152,43.488,7.623275495936814e-05,0.0003901091914107556,0.19941478203101173,0.03976625529247592,0.0009855089887955443,0.4617974483194724,0.21325688327437578,-0.0001831441709867483,-0.08263340613322012,0.006828279809177701,0.0003837429763027058,0.15335542148997217,0.023517885300367015,-0.0004307365543698477,-0.12500383166796794,0.01562595793167366,0.0002595133530663705,0.07187285241174259,0.005165706913800131,0.00021774565243162086,0.1064194490829688,0.01132509914312259,0.0008387863589559636,0.40635097519830776,0.16512111504461574
153,43.775999999999996,-0.00019688819024779708,1.6623691431506024e-05,0.010714182041341292,0.00011479369681500028,0.0004029171477271826,0.23804939214318216,0.05666751309973851,-0.00017600641433049047,-0.07782310669696171,0.0060564359359666885,0.00035712711763508423,0.139861775594373,0.019561316272410745,0.0003382826120319134,0.12009154236127424,0.014421978546709723,0.0007938692062935958,0.26895231061921704,0.0723353453874158,6.302482943356084e-05,0.03777544643129445,0.0014269843530835965,0.00044921063781498373,0.26688636855719067,0.07122833372164462
154,44.064,0.0005467681035564705,9.151268527668212e-05,0.064234695474821,0.00412609610274299,1.86348399218548e-05,0.011990403843661387,0.00014376978433408973,0.0006601885328181875,0.2945408116403242,0.08675428972174093,0.00044549526737959315,0.17604217995991447,0.030990849125038914,0.0007573592255415066,0.24102892665341483,0.058094943483697224,0.0004008640842899473,0.1217469163428413,0.014822311638990796,2.356362945338515e-06,0.0014053793630546974,1.9750911541000272e-06,-0.00014805826438919357,-0.08753111786622451,0.00766169659491089
155,44.352,-8.182150385843095e-06,-0.00018660194794840808,-0.11490220490472067,0.013202516691966412,-0.00030698662701400124,-0.17328118947798044,0.03002637062690376,-3.180477514347155e-05,-0.013616122613232194,0.0001853987950185731,-0.000435042516423151,-0.16496391952323142,0.027213094744467176,-0.0002164456306495175,-0.07369492858982934,0.005430942499860048,-0.0006636086521222647,-0.21562265787457915,0.04649313058889781,-0.00019266819450210253,-0.1052466375503976,0.011076854715664764,-0.00028375818064237736,-0.15364733315528067,0.023607502985729806
156,44.63999999999999,-0.0006537907240080312,-0.00025819726923811227,-0.17654323794786192,0.031167514865115393,-0.0005835567804017659,-0.3657651606037078,0.13378415271145616,-0.0006186968601049772,-0.27123961852182205,0.07357093065586354,-0.0007222438541753613,-0.28044984758497016,0.07865211701043298,-0.0007719127582932673,-0.24148686285126178,0.05831590492974413,-0.0006735916030547943,-0.20110160253427614,0.04044185454185397,-0.0002442596311512339,-0.14684918291293855,0.021564682522197683,-0.0005382738306763634,-0.3207757560041994,0.10289708564006565
157,44.928,-0.000202778535651992,-0.0002966808611969531,-0.19394497843379493,0.03761465465968519,-0.0005996607906393525,-0.35934734072726027,0.12913051128775369,2.803694927111166e-05,0.013226950932539304,0.0001749522309718024,-0.0001336605434356575,-0.05585066513757385,0.0031192967963094074,9.74530627817712e-05,0.03230236633625338,0.0010434428709215158,-9.274440933999917e-05,-0.02933730130130655,0.0008606772476436429,-0.0002986216787218527,-0.16864015222342654,0.02843950094194047,-0.0006180876103118105,-0.34599364716265746,0.11971160387691748
158,45.215999999999994,3.087587455609079e-05,-0.00020863687528923286,-0.14166756939651168,0.020069700218715455,-0.0006209211543286617,-0.38648763411154524,0.1493726913211397,-7.786653651542583e-05,-0.040878651376296614,0.0016710641383447973,-0.00018723390238440158,-0.08706153725938576,0.007579711269967414,3.843949641419854e-05,0.013769445921637655,0.00018959764098890384,2.1481545647385114e-05,0.007343411717218508,5.392569564858208e-05,-0.00023780348333853315,-0.14323553573027956,0.02051641869594019,-0.0006457484190058901,-0.3855443561403842,0.1486444505517034
159,45.504,-0.0006290310756504871,-0.00043461073471953986,-0.3154868295930133,0.09953193964665104,-0.0004888493771958343,-0.3252936793638148,0.10581597783404838,0.0003035686499718748,0.16307545272652177,0.026593603281960032,0.00024671071019026985,0.11738586850365752,0.013779442124357973,0.00019888692100756357,0.06818118471079353,0.004648673948567345,0.00032001078401783884,0.10469272615627057,0.010960566910031857,-3.953814621158575e-05,-0.0279273749451713,0.0007799382713281818,-7.874909610096905e-05,-0.05513632602852699,0.003040014447924023
160,45.791999999999994,0.00023742861015034182,6.456419170793745e-05,0.03818408106445831,0.0014580240467371235,0.00021630990000775214,0.11726996495185718,0.013752244679809813,0.00035562113973185996,0.15195525589674397,0.023090399794644945,0.000551473559310714,0.20871275557169333,0.04356101433832941,0.0005780516973422112,0.18487166814869258,0.03417753368408031,0.0007797327598374464,0.23798141179168986,0.056635152358365845,0.0002442711803009914,0.12455280525451758,0.015513401296769778,0.0004196706467496697,0.21211350006792618,0.04499213691106611
161,46.08,0.0008914914242656172,0.0008220082693358371,0.4582329346561879,0.20997742240362222,0.0010286814797862843,0.5256671141637955,0.27632591491329284,0.0006513853616244346,0.29323480424581166,0.08598665042107949,0.0009337632066169852,0.372314901623798,0.1386183859711384,0.0006457990946417824,0.18701176923175705,0.03497340183119196,0.0008679249276390203,0.23985415445179276,0.05753001540778446,0.0008569508337801215,0.41229184686497744,0.169984566991334,0.0012654898699192667,0.6035120524127894,0.3642267974074974
162,46.367999999999995,0.001144940020461986,0.00104340925718571,0.641456097872119,0.4114659254973255,0.0011501512373996636,0.6481670914055208,0.4201205783810927,0.0006046368063763553,0.28710774557572,0.08243085756957237,0.0006896316800269147,0.29004385750190914,0.08412543927458777,0.0005854905130428622,0.19690519486969654,0.038771655766673165,0.000482916751540668,0.15498981450185756,0.024021842599320217,0.0009426811094427507,0.5348545695814392,0.2860694106021466,0.0009522045040930095,0.5355247798265816,0.2867867898083087
163,46.656,0.0005086331117653418,0.0005105091629354962,0.344426880005735,0.11862987567048497,0.00025956879282718845,0.16053352694296297,0.025771013272747015,0.0009140342472953152,0.4298575936288686,0.18477755080040154,0.000707151364689938,0.29455788925299575,0.08676435012118008,0.0009276799996495871,0.31653244748640763,0.10019279031173542,0.0007213875211617901,0.23489958200210523,0.055177813624763775,0.0003952478886109024,0.24421566455114677,0.059641290812158236,0.00011568177259307755,0.07085121900953024,0.005019895235136419
164,46.943999999999996,0.00018601235598876044,0.00035580953628525986,0.2691117026320511,0.0724211084935215,0.0001613885810977238,0.11189420047233843,0.012520312099343862,0.00023694164972753502,0.12782611950906597,0.01633951682874601,1.4501790680627885e-05,0.006929405392285257,4.8016659090631995e-05,-0.00025536968700536517,-0.08840683678545898,0.007815768790410783,-0.000440213082480458,-0.14543637081009927,0.021151737954412695,0.0001992372646926239,0.12720658249574643,0.016181514630247144,-2.5467488955545596e-05,-0.016117718797323356,0.0002597808592295906
165,47.232,-0.0003828865888597407,-0.0001939607051412669,-0.12803575316735194,0.01639315408913107,-0.00028359760674021955,-0.1716089134603589,0.029449619179044945,0.00024629526340463935,0.1405840052757472,0.019763862539371308,0.0002064603877392752,0.10437890380005328,0.010894955558500776,0.00016658706374332076,0.059568821531925935,0.0035484444987024426,0.00015122355301444004,0.05160487719023917,0.002663063349819667,-0.0002642139449523806,-0.15750437666109154,0.024807628667399,-0.00021026754057911943,-0.12424747146937781,0.015437434166533856
166,47.519999999999996,-0.00019745316941371837,-1.261983066231205e-05,-0.010072522834386699,0.00010145571624924147,-0.00015493842316903635,-0.11336099228544386,0.012850714571940458,-0.0002666616216011359,-0.1331132903049466,0.017719148055808986,1.0575943573796187e-05,0.0046760179343482075,2.186514372234607e-05,-0.00033390732476616853,-0.11520835943383585,0.013272966083435915,7.112135932546077e-05,0.023418100801690007,0.0005484074451581141,-1.6711291425654895e-05,-0.01181985833331747,0.00013970905101969445,-8.828481086356015e-05,-0.06189658421492841,0.0038311871374757246
167,47.808,0.0003330100432385009,0.0003362241215398408,0.2342763186468682,0.054885393478728936,-3.1860414309334953e-06,-0.0020350295333009176,4.1413452014069515e-06,0.000156691241155709,0.0807225123879582,0.006516124006224065,-0.00023377791958612029,-0.1066717892111111,0.011378870613499719,0.00010750047380048795,0.0361697810891021,0.0013082530640335676,-0.0004274256652328015,-0.13724283303507448,0.01883559521949333,0.0002694190816651323,0.1615915257322452,0.02611182118847486,-0.00023643677325149322,-0.14056710072148926,0.019759109805245305
168,48.096,0.0005501172227847354,0.0005096988356991534,0.3392184982288173,0.11506918954061413,0.00012874709616987756,0.07854582432920647,0.006169446519554561,0.0007975854757482516,0.3290888700006783,0.10829948435832337,0.0006019032093165939,0.2199676206042759,0.04838575411430667,0.0008520684018312219,0.25918952383299765,0.06717920926477607,0.0006886692112652334,0.19991584962877693,0.03996634693279575,0.00048639634245395923,0.2945420625819797,0.08675502663004682,8.162696975091581e-05,0.04899695954629329,0.0024007020447811014
169,48.38399999999999,0.001232748997790148,0.0009328586556606791,0.5893683960796443,0.3473551062974924,0.000726187801869105,0.42057138595974874,0.17688029068810393,0.0003311577880401145,0.17426385931797905,0.03036789266439639,0.0001448315503810398,0.067504336808008,0.004556835487888984,0.00030439602800934307,0.096885909898091,0.00938687953678101,0.00011283542152271593,0.03427367490317036,0.00117468479136821,0.000729339504771659,0.45906134632939855,0.21073731969376003,0.00038743751726911553,0.24172473614108667,0.05843084806247796
170,48.672,0.0005992277570829457,0.00019388250078175183,0.1403464810004408,0.019697134729207096,-9.964498367854493e-05,-0.0661208045117422,0.004371960789280027,0.00023185139495188203,0.10980565159518788,0.012057281122243786,8.314424743718783e-05,0.034877337777059605,0.0012164286904151095,0.0003365324532726921,0.11105009668557912,0.012332123973876471,0.00022482709105844335,0.07080015477702542,0.005012661916450756,7.433146398556413e-05,0.04633177695979511,0.002146633556252201,-0.0002828021381643776,-0.17472996614346928,0.030530561068497917
171,48.959999999999994,7.633018262272405e-05,5.365333053139484e-05,0.03608305205580404,0.0013019866456618642,-0.0002573433601727346,-0.1586497236775801,0.02516973482297252,0.00015947326517936418,0.07778593650656444,0.006050651918203275,0.00014557731178138663,0.06289310472880165,0.003955542622428012,0.0002438106982086319,0.07848930921600909,0.006160571661206289,0.0003124619680000188,0.09599497253421901,0.009215034751845461,0.00012404334315244586,0.08312294831464818,0.006909424536519676,-0.00016895313830489462,-0.11222566127905441,0.012594599049521052
172,49.248,0.00023861601648833146,5.7739336750666866e-05,0.04355090872846013,0.0018966816510746648,1.2066020664842188e-06,0.0008342750758139483,6.960149021243693e-07,-0.0003439282844214662,-0.17811995136137765,0.031726717072979534,-0.00043086883088987323,-0.19764502782576415,0.039063557024247096,-0.00047594775980463024,-0.15866064680276987,0.02517320084387329,-0.0006654504560380189,-0.2116992096413859,0.044816555362787454,-0.000158289539610587,-0.09631806127080246,0.009277168926966057,-0.00022503425177422448,-0.1357321022964219,0.01842320359380634
173,49.535999999999994,-0.0005731737230263121,-0.0006370837534573908,-0.46062014852848704,0.21217092123040546,-0.0005887332583715888,-0.3901977359574525,0.1522542731463218,-0.00019972025383512332,-0.0959301147235657,0.009202586910876477,-0.00016041691510918467,-0.0682463069798479,0.004657558416387635,7.9776172618512e-05,0.02536597470648829,0.0006434326728102036,-2.982049972390189e-07,-9.048713789094485e-05,8.187922123694867e-09,-0.0004984420920763421,-0.31649551472806603,0.10016941084298345,-0.0003368709251381617,-0.21202877896941982,0.04495620311126308
174,49.824,0.0002702469193627802,0.0001633039447873904,0.11687299731910757,0.013659297502352128,0.00021900221442933425,0.1436765153690822,0.020642941068602108,-0.0004979662971260424,-0.1916924509136327,0.036745995737275494,-0.00021735712317701934,-0.07410970383337719,0.005492248202270882,-0.0005082328798466766,-0.1328011025187486,0.017636132830195172,-0.0001693182723292156,-0.04222175945184709,0.0017826769712096392,8.887433834413154e-05,0.04818368408570003,0.002321667412070542,0.00031056503501522494,0.1668993383119749,0.02785538912897505
175,50.111999999999995,0.00017504297085667493,6.261556559523267e-05,0.04053542311000685,0.0016431205267072777,0.00013318723181651143,0.07903778650468075,0.006246971695559494,0.00010624690479970433,0.05908883348656245,0.0034914902428027036,0.0002404760220385484,0.1184559960771285,0.014031823006624686,0.0003107166629576204,0.10575815297031857,0.011184786919693303,0.0004664294763886091,0.15150566702960497,0.022953967142085533,0.00023197236663883292,0.15387857785786022,0.023678616723557547,0.00021443156923077933,0.14099673889301576,0.01988008037846526
176,50.4,0.00047831441606025697,0.00021174602849327956,0.16693967720580272,0.0278688558255776,0.00014307272606355122,0.10340009122579395,0.01069157886550251,-9.054420232245582e-05,-0.046317590839798785,0.002145319221203012,-0.00029881128144608525,-0.13538746149436443,0.018329764729888013,-0.00022284850416533182,-0.07468583347262216,0.0055779737215002475,-0.0005038837698935391,-0.1611582173551776,0.02597197102109866,1.4751381645316595e-05,0.010339217404682764,0.000106899416541295,-5.180529627618289e-05,-0.03599213122907891,0.0012954335104112375
177,50.687999999999995,-0.0001683008521994446,7.643575694309132e-06,0.005271087396581302,2.7784362342398253e-05,0.00011751425303948986,0.07428719573745603,0.005518587450535106,-0.0005830214236305653,-0.29683612329165865,0.08811168409082076,-0.00025371739819532885,-0.11441385718794432,0.013090530716623318,-0.0003817698540616617,-0.1281190974224913,0.016414503124353823,0.00011881216072298425,0.03805105555268154,0.001447882828673256,-0.00027315109017759685,-0.17336220951730238,0.030054455688721057,6.820984269288895e-05,0.042911824184645946,0.0018414246548539646
178,50.976,-0.0005465816976389104,-0.0003240008877371657,-0.2257768741281434,0.05097519689107551,-1.3064823628871733e-05,-0.008345581081579111,6.964872358921118e-05,-0.000668643247131954,-0.25707492177315683,0.06608751540467471,-0.0004299715949639281,-0.14642025396143427,0.021438890770130906,-0.0006529382629077444,-0.18809217257753064,0.03537866538493557,-0.0006095395532230087,-0.16756915202282943,0.02807942070965012,-0.00023773137081221137,-0.13610807677730122,0.018525408564015716,8.148969391788608e-05,0.04624646300790657,0.0021387353407416715
179,51.263999999999996,0.00013218371346187255,0.0004501847605743378,0.344628612164338,0.11876888032231767,0.0004003212818221372,0.2809240973940793,0.07891834849667814,5.256865259804242e-06,0.002726015839022601,7.431162354602095e-06,2.780690935125675e-05,0.012771749468234445,0.0001631175844793468,0.0001120258648444179,0.03842306588741295,0.001476331992188477,2.5778175023748468e-05,0.008437610130032806,7.119326470643222e-05,0.0004636257860234712,0.29909519341848156,0.0894579347260389,0.000320440987720305,0.20491245025449278,0.04198911226929997
180,51.552,0.0006568390228708249,0.000504851870351407,0.37368592637233233,0.13964117156874814,0.00036178267254414754,0.2454767183594366,0.060258819256518166,0.0005005989641335675,0.22846119706552814,0.052194518564614094,0.0006028581781692882,0.24368780642111568,0.059383746998335145,0.0006070195406075468,0.18562288063028848,0.03445585381348632,0.0007146646478778902,0.20855697167648332,0.04349601043486546,0.0005410242371042864,0.3579754265588495,0.12814640601999022,0.0004600657467690584,0.301741348917779,0.09104784164672083
181,51.839999999999996,0.0009155635884667448,0.0007652087566176392,0.49846582994960487,0.24846818362734843,0.0008450044657920027,0.5045848878184648,0.25460590901477265,0.0001057904566243359,0.051055816212717216,0.002606696369146758,0.00022392699796462034,0.09571970028629265,0.00916226102289769,-4.942827112319599e-05,-0.017776926402938587,0.000316019112335495,4.69081711617527e-05,0.01609990567418098,0.0002592069627175249,0.0006379307203006575,0.3787445827493918,0.14344745896201092,0.0008122866126082617,0.4780360424865957,0.22851845791624634
182,52.12799999999999,0.0004742005111227942,0.0005071326132941852,0.3233802732929048,0.10457480115499378,0.00074476358199671,0.4353416199707728,0.18952232607877675,0.0007706764669170294,0.3978844093603421,0.1583120032120283,0.0008524644922670076,0.389813847985924,0.15195483608159305,0.0006057427351334011,0.20666985875817306,0.042712430519123205,0.0006857342902199047,0.2232741124318887,0.049851329282247676,0.0006303196636221159,0.38254353198818103,0.14633955386599248,0.0008705473735124779,0.5237099808789356,0.2742721440722151
183,52.416,0.00019138432010193455,0.00023906009119983187,0.17452667292464308,0.03045955956214534,0.0002520259250180718,0.16866296084517518,0.028447194361061093,0.00032293426578565296,0.15870595400836818,0.02518757983770628,0.000515930077033663,0.22457741449870625,0.050435015102923704,3.046647926912973e-05,0.010840839012099578,0.00011752379048626017,0.00023282936854684968,0.07906275834472665,0.006250919757076642,0.0002928906600993535,0.19594072626949538,0.038392768211017315,0.0002910651437271317,0.19301356138330442,0.037254234877866624
184,52.70399999999999,-2.7091176876785793e-05,0.0001524570025871673,0.0961612487650487,0.00924698576405358,0.0004612297177107261,0.26667958652712936,0.07111800187028067,0.00065515563616157,0.3258074991548966,0.10615052650556794,0.0007280568009488946,0.3206845214771846,0.10283856231505092,0.000759417677983146,0.268233781273837,0.07194936141646063,0.000730469894864972,0.2462230277258526,0.060625779382485985,0.0001951492071152945,0.10979339432869685,0.012054589438216723,0.0005154053060115681,0.2874330739436739,0.08261777199670949
185,52.992,1.1809456651582821e-05,5.680559068348238e-05,0.043687875823942894,0.0019086304940082537,0.0001763216149929005,0.12430688334294253,0.015452201246435917,-0.0002426465901879455,-0.1169318830147989,0.013673065265386615,-0.0003188933989551826,-0.13611325525575657,0.018526818256318744,3.243361494534229e-05,0.010568627909775299,0.00011169589589528142,-1.7771630813265064e-05,-0.005526422834990552,3.0541349351105e-05,0.0001502755337858118,0.10193228718418014,0.010390191170598174,0.00015095370877295447,0.1014952484631209,0.010301285460590642
186,53.279999999999994,-0.00043401605938630546,-0.0004415898144417159,-0.2996683216810945,0.08980110301916393,-0.00035675557193184953,-0.22192811613951727,0.04925208873323508,0.00029404158969330074,0.13678819244035986,0.01871100959110093,-7.639247227332424e-05,-0.031476508618723156,0.0009907705948245527,4.910527527756919e-06,0.001545199764623734,2.3876423125932432e-06,-0.0005573010767316724,-0.16735548151025,0.028007857191527624,-0.00038718742796908876,-0.22955969102317691,0.052697651742656455,-0.0002940496358644324,-0.17281182783624607,0.02986392784010436
187,53.568,-0.0001740517333403826,-0.0002925708728999946,-0.19841736091648687,0.039369449113063414,-0.0005362685833930093,-0.33338857319489323,0.11114794073692667,-0.00013142596596839008,-0.05471138654667075,0.002993335817859225,-0.0008135638840850581,-0.29997450471891324,0.0899847034813573,-0.000265894841894333,-0.08058726243946991,0.006494306867487997,-0.0009746950132393635,-0.2819154067263179,0.07947629654966522,-0.00039776715242773264,-0.21628565359519192,0.046779483951099356,-0.0008222406889725059,-0.44317596070275955,0.1964049321448139
188,53.855999999999995,-0.0006660460001203988,-0.0005659149789755991,-0.37910656247784164,0.14372178571376565,-0.000911146953073568,-0.5595234773685636,0.3130665217266094,-0.00026653773559998084,-0.13055697793146626,0.017045124486597365,-0.000623326121899396,-0.27042874499232505,0.07313170611812396,-0.0003398322377318378,-0.12362590459190952,0.015283364286167913,-0.0005973266514235423,-0.20737212395187551,0.04300319779231202,-0.0004727361619004835,-0.30694099496608773,0.09421277439077191,-0.0007542821944782108,-0.4854543099382864,0.23566588703765784
189,54.144,-0.0001605290253659659,-0.0002355853428422059,-0.17370839246962305,0.030174605614380602,-0.0005566454052501556,-0.37624517286860676,0.1415604301069278,-0.0002355811156645172,-0.11411748382965022,0.013022800115610479,-0.00048189461706775786,-0.2067568603587314,0.042748399305399955,-0.0005853875582821639,-0.19678678570819708,0.038725039029363875,-0.0009119397739624712,-0.2925581346172521,0.08559026213072621,-0.00017985795526914383,-0.12105068724178156,0.014653268881707615,-0.0004356674490511799,-0.2906505532461441,0.08447774410228963
190,54.431999999999995,2.8029970857680323e-05,-2.8085685032303922e-05,-0.02115078840549776,0.0004473558501741385,-8.738119664648484e-05,-0.06032249569614106,0.0036388034870109562,-8.463143928902613e-05,-0.03807618560687921,0.0014497959103695157,-0.00036439276340706885,-0.14520701320013182,0.021085076682503257,-0.00015726972061740576,-0.05146874003597236,0.002649031200890505,-0.0004704155506584027,-0.14691754667277984,0.021584765520348444,-8.952209526390407e-05,-0.05916792887181835,0.0035008438069805553,-0.00015583737256229837,-0.1020954011754968,0.010423470941185635
191,54.72,-0.00021341187344662326,-0.0001938510641519416,-0.15740359418923353,0.024775891463688905,-0.0002339247591747415,-0.17411749898574772,0.03031690345305186,-0.00033880805784316836,-0.1611006407751327,0.025953416458158355,-0.000417475625288968,-0.1758210225579601,0.03091303197332672,-0.0005273220344040975,-0.1761476522095003,0.031027995378919076,-0.0006067150271815066,-0.19341015281283466,0.037407487211084056,-0.00026848108085395726,-0.17226231260767352,0.029674304344943832,-0.0003015131778304739,-0.19176145546730491,0.03677245580293917
192,55.007999999999996,6.0398371617418214e-05,-0.0001566336433745034,-0.12027844790762743,0.014466905031067845,-0.0001945571228067433,-0.13695240846838438,0.018755962185291207,-3.464476311628515e-05,-0.01598484083734174,0.0002555151365951482,-4.234454908724826e-05,-0.017304711893936092,0.00029945305373213325,3.924015908546174e-05,0.012159183626361019,0.0001478457464595659,0.0002859344607339861,0.08455391743256253,0.0071493649531926004,-6.398950206695126e-05,-0.04411555141319697,0.0019461818764904253,-0.00013095413486861228,-0.08949126160609784,0.008008685903851042
193,55.29599999999999,-0.00032477612610339474,-0.0004140348841276288,-0.2865316986497215,0.08210041433109481,-0.00041131336788518776,-0.2609325983804027,0.06808582089754854,-0.000445113540741402,-0.23339892059775266,0.054475056136196055,-0.00030329816820222723,-0.14086203716003246,0.01984211351287437,-0.0003099786523173121,-0.09722085729994706,0.00945189509413667,-0.0001240391510305953,-0.03712615914046558,0.001378351692523176,-0.00018533402469514187,-0.12276595256950482,0.015071479110297905,-0.0002082806585859718,-0.1367571862950797,0.018702528003347135
194,55.583999999999996,-0.0005728943676161751,-0.0003254034756593905,-0.24835359944860289,0.061679510359077074,-0.00026958374334223385,-0.18860870997543738,0.035573245478598664,-0.00024283944460178948,-0.11147995558101484,0.012427780496345044,-0.0005024730336563681,-0.20430850966124567,0.041741967119999314,-0.00018631007498341094,-0.057409874717170725,0.0032958937150412387,-0.0005404381699752378,-0.15892413247811085,0.02525687988392013,-0.00022314200122360286,-0.14777490929309386,0.021837423816582123,-0.0002875695733276572,-0.18877337670267827,0.03563538775173127
195,55.87199999999999,-0.00014437369048666702,2.0121898048385492e-05,0.014429287111299371,0.00020820432654031017,-0.00026016198226317414,-0.17101709995683073,0.02924684847764463,-0.00023780804728095416,-0.08444428835015408,0.007130837834963966,-0.0007772212087950783,-0.24444689028783936,0.05975428217139497,-0.0001682182492421677,-0.04193809188226522,0.0017588035507253204,-0.0010441984258287697,-0.24843465019093636,0.061719775415492915,-7.094897846353101e-05,-0.038017373515408556,0.0014453206890100879,-0.0005549959985402293,-0.2947842313204743,0.0868977430352029
196,56.16,0.0002728317823213934,0.00017255148973815236,0.11544527177276835,0.013327610774688343,-0.00014705950580792896,-0.09019247678779489,0.008134682869116922,-7.39834345025632e-05,-0.032201804443454544,0.0010369562094144885,-0.00042196906031576384,-0.1626756193544638,0.0264633571323584,-0.0002557095505439084,-0.0786261314146615,0.00618206854123562,-0.0005399438896724455,-0.15843902677208666,0.02510292520448599,0.0001179253169358614,0.07236769385453923,0.0052370831138243154,-0.0001403197493825957,-0.08535616906410871,0.007285675597300709
197,56.44799999999999,-0.0002136773779959728,-0.0004129409936075285,-0.2656664266862432,0.07057865026823702,-0.0003718588166866407,-0.21930398972265977,0.04809423990827645,-0.00014963387700672962,-0.07177010826657486,0.0051509484405958764,9.913998556008935e-05,0.042117119838178785,0.001773851783463513,-6.501939141504703e-05,-0.020449796442709722,0.0004181941745482632,0.00010746198761300977,0.03225481345053206,0.0010403729907286245,-0.0002353719714091257,-0.14110906755592348,0.019911768946502175,-2.1346896934106097e-05,-0.012685668666908598,0.00016092618952658657
198,56.736,-0.0002730640029418231,-0.00044098285814021175,-0.314688058221356,0.09902857398712753,-0.00016667014460722566,-0.10902752181733164,0.011887000513628728,-0.0004981654773872675,-0.2452168169621861,0.06013128732106628,-0.00015474187472272195,-0.06746532509542891,0.004551570090231908,-0.000552717093495286,-0.18359487771823665,0.033707079124374276,-0.00011166018401738549,-0.03539562454988245,0.0012528502372762412,-0.00034920306306042713,-0.21876839205072693,0.04785960936046056,-1.1376221455715139e-05,-0.007064525571679921,4.990752155291952e-05
199,57.023999999999994,-2.7370888701548784e-05,-3.0202794290609058e-05,-0.022322600459861085,0.0004982984912905903,0.00042591050774752777,0.2885597745695503,0.0832667434996297,0.00031450773785696666,0.143290384093622,0.02053213417369772,0.0006044099484691968,0.2439009301037825,0.0594876637054902,0.00040012191321287655,0.1307914224934651,0.017106396197864086,0.0006727599291499396,0.20986529147624247,0.04404344056640821,0.00021495060497185827,0.1357205534833953,0.018420068637839168,0.0006479724664846862,0.40554769390911266,0.16446893203499935
200,57.312,0.001070319203661895,0.0007751193177632585,0.4789937915085068,0.22943505230369485,0.0008985707486687944,0.5090182743816218,0.25909960365444407,-6.475761645920985e-05,-0.030136037408658816,0.0009081807506960835,0.0004372311495255951,0.18021980944785976,0.032479179717422875,8.729079442692524e-05,0.029321106583281666,0.0008597272912681633,0.0005735545663874432,0.18385702504739285,0.033803405659277634,0.0005948177134499375,0.3466367199282864,0.12015701560264126,0.0006925087729064789,0.4000316803272021,0.1600253452654048
