snapshot,time_star,marker_over_R,D_reference_mode_amp_over_R,D_reference_mode_spatial_corr,D_reference_mode_projection_fraction,D_uniform_amp_over_R,D_uniform_spatial_corr,D_uniform_projection_fraction,MA_reference_mode_amp_over_R,MA_reference_mode_spatial_corr,MA_reference_mode_projection_fraction,MA_uniform_amp_over_R,MA_uniform_spatial_corr,MA_uniform_projection_fraction,TTR_reference_mode_amp_over_R,TTR_reference_mode_spatial_corr,TTR_reference_mode_projection_fraction,TTR_uniform_amp_over_R,TTR_uniform_spatial_corr,TTR_uniform_projection_fraction,P_reference_mode_amp_over_R,P_reference_mode_spatial_corr,P_reference_mode_projection_fraction,P_uniform_amp_over_R,P_uniform_spatial_corr,P_uniform_projection_fraction
1,0.0,0.0010307481113351372,0.0008115703523991716,0.23366404581081468,0.0545988863046785,0.0010333115621725352,0.2922934662021253,0.08543547038445298,0.0016742923023064234,0.37012315027951775,0.13699114637283452,0.0019172602969033897,0.37380081805268944,0.13972705157685986,0.0011595699326372542,0.16633626205491742,0.027667752074402162,0.0008352257266207638,0.11485299400488015,0.013191210231885037,0.0012328696228087758,0.2955109575401487,0.08732672602629558,0.001419820144247258,0.3518373337495616,0.12378950942000043
2,0.23969512536633195,0.0010762331743750506,0.0008340849420556306,0.2455835564363441,0.060311283191923006,0.0009510162092995309,0.275105341303378,0.0756829488136481,-0.00013829537543457249,-0.035447925470606656,0.001256555420169684,0.0004916224407342423,0.11113710098829675,0.012351455216082871,-0.0003456615106927022,-0.04838619596152419,0.002341223959627019,0.00024260748393105743,0.03255540601516805,0.0010598544608124401,0.0005749406679324433,0.15683266546976776,0.024596484958352087,0.0009818381635440237,0.276888904770127,0.07666746558480046
3,0.4793902507326639,0.0008852216200625699,0.0009254695747584324,0.2727387327681803,0.07438641635199288,0.0009470807969275393,0.27421663889114073,0.07519476504475427,0.0007214311791423931,0.18506028088435267,0.034247307560995505,0.00087142246060511,0.19714749253223018,0.03886713381174576,0.0009431629728356437,0.1380043868697438,0.019045210795293914,0.0007718813825452046,0.10826926318119046,0.011722233349797884,0.0007954410467364366,0.2113044627773887,0.044649575989640845,0.0008507566821537382,0.23364591406351193,0.054590413158574
4,0.7190853760989958,0.0009711260447932856,0.0009520137794942448,0.25567418941154957,0.06536929113125291,0.001632355902064104,0.43070568775955664,0.1855073894684327,-0.0006039855896399027,-0.14480513950740695,0.02096852842775959,-0.00035539966321805426,-0.07514820482837725,0.005647252688927741,-0.0012561958813252134,-0.18850161206532567,0.03553285775122654,-0.0011242907248720142,-0.16172784409903096,0.02615589555692046,0.0006803901097071121,0.16019092110106425,0.025661131203207392,0.0012721419655761573,0.3096475414474113,0.09588159992442631
5,0.9587805014653278,-8.903727889314788e-05,0.0008944442359815562,0.20783734911259097,0.04319636368614902,0.0015669947768793798,0.35773379806833155,0.1279734702803938,-0.0011254649151195408,-0.21455571049194877,0.04603415290470494,-0.0010768684995278348,-0.18105686209457542,0.0327815873115341,-0.0016152853877782589,-0.18668066869120423,0.034849672062995156,-0.0015141607835923473,-0.16775309567330826,0.028141101107978114,9.602769472973566e-06,0.0021345030096088595,4.55610309802928e-06,0.0006199489987744284,0.1424650652605147,0.02029629481968271
6,1.1984756268316596,-0.0003916853750889159,0.0006012730409613622,0.176633394384544,0.03119935601180586,0.0012532867791781599,0.3617209319264213,0.13084203259371868,-0.00040902794914225883,-0.09744800676226359,0.009496114021938168,-0.00021647899033344593,-0.045486228481565215,0.002068996981477155,-0.0006834421598553501,-0.09288391127570521,0.008627420973873076,2.2115140353238184e-05,0.0028812231459927587,8.301446817004409e-06,0.000194586490297824,0.054269161731619074,0.002945141915052628,0.0008078551560831141,0.23293035024162267,0.054256548063685
7,1.4381707521979916,-0.0006890467376524733,-0.00019779848222588984,-0.061830922085120046,0.0038230629258961856,0.00010143029931834761,0.031151041779833737,0.0009703874039689471,0.0006000841203025268,0.15395155895233678,0.023701082503854824,0.0010118033196974791,0.22893503282675018,0.05241124925538518,0.001448057911452675,0.21610186432044304,0.04670001576277118,0.0014946515359272766,0.21382624112609427,0.045721661394114606,0.00017039583487285555,0.044798315251615914,0.002006889049383163,0.0007366395269624838,0.20022111507214943,0.0400884949207349
8,1.6778658775643236,0.000938386752085889,0.0005679564129223045,0.17265538185045587,0.029809880881926733,0.0006151721357169844,0.18373160477331352,0.03375730259257709,0.001150191035759153,0.25879062995801466,0.06697259015406606,0.0015919575754017676,0.3159033695648893,0.09979493890245104,0.0012106913721242805,0.17265778827278155,0.02981071185124866,0.0017337717646806142,0.2370244337762766,0.05618058220696453,0.0011868232944213764,0.2953715682035832,0.08724436330304398,0.0013079895987180743,0.3365418420399449,0.11326041144363924
9,1.9175610029306556,0.0011647173040680973,0.000577299683331849,0.15763971074534244,0.02485027840387523,0.0009561267007358032,0.2565085562561927,0.06579663943263636,0.0013182552844935346,0.32369493588355336,0.1047784115166577,0.0015110066639773924,0.3272253666069079,0.10707644055102525,0.001570510904507917,0.22972856490896187,0.05277521353513111,0.0012040875916330318,0.16884203979355036,0.028507634401646848,0.0011464883329767156,0.2774333776878926,0.07696927905531287,0.001309112801552591,0.32750526764788257,0.10725970033711117
10,2.1572561282969875,0.001072163431759077,0.0012318336339164737,0.3579010139358942,0.12809313577634113,0.001384699964074555,0.39526526536857853,0.15623463000689278,0.0002728236409323634,0.060683536700997485,0.0036824916265413093,0.0010059656569829907,0.1973405058658925,0.03894327525540635,0.0009245235510236917,0.11406806170613419,0.013011522701394438,0.002235163429637048,0.2643649239477304,0.06988881301388929,0.0006052053319922094,0.15587781285684052,0.0242978925410322,0.001094203096789898,0.29136115335140594,0.08489132168226149
11,2.3969512536633193,-0.0008185546857034604,-0.00032345997155387615,-0.09879045946945095,0.00975955488218523,-0.0001791793098403585,-0.05376559057381145,0.002890738729750723,0.00024107352254518007,0.0571049625856956,0.0032609767519136937,0.0007535609184852489,0.15742978541116703,0.024784137334606104,0.0007222918701693083,0.1047224600352465,0.0109667936358338,0.0008575206564070805,0.11918460604746293,0.01420497031868894,-0.0005474572110920324,-0.16201759221259754,0.026249700186367547,-0.0004602891414098968,-0.14082990062509942,0.01983306091007538
12,2.6366463790296515,5.644277026383609e-05,8.93680009418329e-05,0.026319655446400834,0.0006927242628172571,0.0002953270793310415,0.08545225472765039,0.007302087838039247,-7.646832323419648e-05,-0.017336394181114538,0.00030055056320298193,0.00024058595452720592,0.04810516121890049,0.0023141065358964078,-0.0008220016574741548,-0.1096819257692801,0.012030124840457866,6.638633018625068e-05,0.008491599472914673,7.210726160840477e-05,-0.00019670840749867172,-0.05135721042860198,0.0026375630630077035,-0.00016307241960157023,-0.04401606038970667,0.0019374135722303048
13,2.8763415043959832,0.0007637304334109671,0.000644808613958099,0.17151854567575722,0.02941861151072682,0.00040535684323275483,0.10593509588824855,0.011222244540852414,0.0009040692979597673,0.2070500329803865,0.04286971615717914,0.0006090203799734054,0.12301260291339083,0.015132100475527571,0.0012006883961732712,0.16972845235859593,0.028807747540044167,0.0004401541081566275,0.05964548348147789,0.0035575836997392527,0.0005223854262400372,0.1332319870469113,0.01775076237246834,0.0001427939479861088,0.037651250434670464,0.0014176166592942726
14,3.1160366297623154,0.00046186031921297406,0.0005172934317798169,0.15411185171627673,0.02375046283941967,9.21466427882458e-05,0.026971226206978494,0.0007274470431080036,-0.0007983164977292151,-0.17355984496367072,0.03012301978381342,-0.0015071759669813114,-0.2889896630863049,0.08351502537073605,-0.0017310565822215142,-0.2245724189814018,0.05043277136715826,-0.002806126617086954,-0.348980276553331,0.1217872334232394,-0.0001731123814270671,-0.04580998137729152,0.0020985543937877956,-0.0005305754430817626,-0.14515475930215194,0.021069904148065668
15,3.355731755128647,-0.0004535917566865694,-0.0005605729854383544,-0.15485932716469367,0.023981411209901632,-0.001387673131491083,-0.3766296289577043,0.14184987740881796,-0.00015798276326052074,-0.03449260754031141,0.0011897399749299473,-0.0006584036610954369,-0.1267805867928856,0.016073317187548397,-0.00010106351613065305,-0.014752049529111194,0.00021762296530934979,-0.0010007057849482786,-0.14002733851544746,0.01960765553171972,-0.0005783352468131078,-0.14855712314949446,0.022069218838454068,-0.0013656451410530973,-0.3626634872069357,0.1315248049530952
16,3.5954268804949794,-0.0005063506351848233,-0.0006851032513772928,-0.18736964545564003,0.03510738403817225,-0.0011879020261722655,-0.31918753976682485,0.10188068554239837,-0.0009947617784963102,-0.18544656549497965,0.034390428653883774,-0.001368497210059029,-0.22500274678405774,0.05062623606037081,-0.0015266423999627141,-0.18552173910592965,0.03441831568088863,-0.002401416770012505,-0.27975218794044554,0.07826128665746636,-0.000780122857415005,-0.19021551807330117,0.03618194331589437,-0.0010614473207787353,-0.26756760847271177,0.0715924251038064
17,3.835122005861311,-0.0007639786458767656,-0.00034399888571386405,-0.10226949423205761,0.010459049450480866,-0.00046832308241576224,-0.1367907515775971,0.01871170971716388,-0.0012744944742533542,-0.31168949365573134,0.09715034045536619,-0.0011792462963015247,-0.25435069382606973,0.0646942754498031,-0.0018898228635319317,-0.28011988692937906,0.0784671510533281,-0.0015377048495290925,-0.21849640382332525,0.04774067848372562,-0.0006357654053522797,-0.16890359793822088,0.028528425396476174,-0.0005231934773240595,-0.1436999045092298,0.02064966255596176
18,4.074817131227643,-0.0005123616717506198,-0.0006901035503853188,-0.20169775242332,0.04068198333261888,-0.0006185372510548445,-0.1776130028155566,0.03154637876915892,-0.0008294588088989011,-0.19738947971350987,0.03896260670157012,-0.0007054574818122893,-0.1480622079806132,0.021922417432094356,-0.0007618293198923754,-0.1096653387582594,0.01202648652496379,-0.0007618793351826839,-0.10513476822072336,0.01105331948882522,-0.0006598227771995423,-0.16649612357684757,0.02772095916611689,-0.0005818367372792541,-0.15178543950353873,0.02303881964528241
19,4.314512256593975,-0.00037704302162946246,-0.00039397437911383647,-0.11383548053832505,0.012958516629391383,0.0002865483199618524,0.08134476929192107,0.006616971491155865,-0.0005550002529052897,-0.11911480611287309,0.01418833703530735,-0.0008343911616510832,-0.15793793718987598,0.02494439200379321,-0.0007935926343591735,-0.11321057177082501,0.012816633560677124,-0.000711589884342727,-0.09731226634229341,0.009469677180673453,-0.00039409820783141604,-0.10156522017134322,0.010315493948453422,0.00023217377226231788,0.06185942263339088,0.003826588168536472
20,4.554207381960307,-0.00016303115436320544,-0.000751892645287515,-0.2287885441318912,0.05234419792599033,-0.00042000352236902635,-0.12556062546620442,0.015765470667464462,-0.00026649924569900515,-0.062465206665088556,0.0039019020437122236,-0.00046308579061905006,-0.09572995426859705,0.009164224144267683,-0.0003110498377249803,-0.043522769468668884,0.0018942314622228962,-0.00042066948763701083,-0.05642557874231653,0.003183845936405363,-0.0011420603908220135,-0.2855476155706718,0.08153744075809617,-0.0008193764750650248,-0.21179958726920958,0.04485906516740753
21,4.793902507326639,-0.0009406230657651885,-0.00046061535589664033,-0.14504318753002457,0.02103752624886987,-0.00026366090216359793,-0.08156930401156429,0.006653551356930997,-0.0011392419565741116,-0.24835540153527957,0.061680405471749945,-0.0017450845033430166,-0.3355199126660315,0.11257361179542141,-0.0011067410620131083,-0.15248902316594765,0.02325290218610491,-0.0014828950125450608,-0.19586256129254856,0.03836214291607734,-0.0006000977819515282,-0.16948505142525896,0.028725182656622668,-0.0006420098331621974,-0.18745766707685335,0.035140376945896376
22,5.033597632692971,-0.001590289641300779,-0.0016190255415447167,-0.4562789360213271,0.2081904674567543,-0.001730689213507363,-0.47920121082662226,0.22963380045770085,0.0005661378810943381,0.11687218635323084,0.013659107942984316,0.00033681711033500697,0.06132355142610601,0.0037605779595102674,0.0010656446332997765,0.14154256905458526,0.02003429885457204,0.0010242618163447586,0.130416974403199,0.017008587212484664,-0.0015577559559322928,-0.3760815990491816,0.14143736914338942,-0.0018496609764315716,-0.46166499751850837,0.21313456993376434
23,5.273292758059303,-0.0008193163623454385,-0.0006913146096647764,-0.21907868931283364,0.04799547211102909,-0.0005685588201879354,-0.17701982213622028,0.031336017429139065,-0.0009592717306313708,-0.21546336766724314,0.046424462806509595,-0.001597434937486787,-0.31644568288041985,0.10013787021365525,-0.001090522151006485,-0.14863992878158064,0.022093828428193362,-0.0016337106535353212,-0.2134639807680985,0.04556687108536313,-0.0009349405793016613,-0.25270438105251497,0.06385950420313469,-0.0008575336726836825,-0.23962498232652774,0.05742013215498872
24,5.512987883425635,-0.0016408792430581847,-0.0013083918885456315,-0.3514639327033298,0.12352689599129073,-0.001597945164668688,-0.4217226170867104,0.17784996576246415,-0.00011252679436890986,-0.026316154312593248,0.00069253997780422,-0.0005249759946264912,-0.10828046734890218,0.011724659609296672,-0.00017825635793136273,-0.025417507297950063,0.0006460496772413447,-0.00015311008608375986,-0.020928600819472135,0.0004380063322608097,-0.0012558530244820513,-0.3006606720404438,0.0903968397118113,-0.0017272025158408227,-0.4274971463586619,0.18275381014479916
25,5.7526830087919665,0.0006349954703920025,-0.00019128971055273468,-0.05493869075821626,0.0030182597422269163,-0.0006823134135195675,-0.19252747028596814,0.03706682681471435,-0.00027091258571594444,-0.055509181446832104,0.0030812692248973297,-0.0014040876008627413,-0.25373130031263813,0.06437957275834216,-0.001396041028599256,-0.18715939049006888,0.035028637448614085,-0.002531913358002521,-0.3253949031820441,0.10588184301685187,-0.00031288718661793115,-0.08424076797120604,0.0070965069883785715,-0.000987483302277763,-0.274863106114971,0.07554972710316982
26,5.992378134158298,-0.0006411442448801798,-0.0008853432554620095,-0.24131143774607478,0.05823120998707771,-0.001378296632017514,-0.3690889291955194,0.13622663765469512,-0.0008065750068264564,-0.22155125154655603,0.04908495706184535,-0.0009381330193021474,-0.22726788398590184,0.05165069109142934,-0.0009424815662947432,-0.14314355542736718,0.020490077460387734,-0.0006642616947973443,-0.09671339090000516,0.009353479979377199,-0.0010545979272158972,-0.2913441347442989,0.08488140484990417,-0.0012780465804204978,-0.3650212926998183,0.1332405441242464
27,6.232073259524631,-0.0010642672651826977,-0.0010989167328586242,-0.32066728684026435,0.10282750884949639,-0.001315240282661679,-0.3770657383793924,0.1421785710595964,-0.0012353548705322463,-0.2699056921226256,0.07284908264019356,-0.0014922063941778718,-0.287536781739414,0.08267740085305939,-0.0012975677241639262,-0.170735130160972,0.029150484671084054,-0.0014821092819312831,-0.1869483122307824,0.034949671445938094,-0.0008980154365671448,-0.2326825085262742,0.05414114977407966,-0.001362459544987369,-0.36496876758407826,0.13320220131184093
28,6.471768384890963,-0.0006462437540918792,-0.0010419389454219502,-0.3303105202634009,0.10910503979667859,-0.0006870566142014305,-0.2139906310089291,0.04579199015959964,-0.0003218279890768877,-0.07313511359878232,0.005348744841106794,-0.0009993080495898383,-0.20028374968916351,0.04011358038955151,-0.00045050116647365893,-0.06708425245160315,0.004500296926990423,-0.0009274369472482833,-0.1323907138944087,0.017527301125471184,-0.0009492287389547122,-0.2651411266795257,0.0702998170568883,-0.0006418759677607538,-0.18535721040581007,0.034357295449423744
29,6.711463510257294,-0.00028103196016040057,-0.000974087955480817,-0.23613232616075264,0.05575847545808807,-0.001324068583527254,-0.31534783443372966,0.09944425668204297,-0.00035675571580970534,-0.08832092259735429,0.007800585368447847,-0.0004392084117517137,-0.09589754856210195,0.009196339820220702,-0.00040852868127402056,-0.05945159272670426,0.003534491877741915,-0.0005258356205801872,-0.0733566364844823,0.00538119611631648,-0.0005217259778225966,-0.1206873423551423,0.014565434604747324,-0.0007143315760452799,-0.17083280041016607,0.02918384569597963
30,6.951158635623626,-0.0005958302411294804,-0.0010855994114487232,-0.3031544271468345,0.0919026066987254,-0.0014143080658867617,-0.388025648736131,0.1505639040770953,0.00014486582741438466,0.03492671763054683,0.001219875604443951,7.970925584131225e-05,0.01694902715896466,0.0002872695216353216,0.00019713969668317384,0.02661606419543552,0.0007084148732555447,0.00040186649470244217,0.052011576296151205,0.0027052040688103586,-0.0003015320747462325,-0.07435661936235247,0.005528906842997771,-0.0008973419752174678,-0.22876851536801865,0.052335033623687396
31,7.190853760989959,-0.0005594507613591302,-0.001051549833836143,-0.3034869495492267,0.0921043285466949,-0.0009593581890084501,-0.2720276489994518,0.07399904182016896,-0.00010655953033773295,-0.0264961004238715,0.0007020433376718833,-0.0006817704901879709,-0.1495106266916552,0.02235342749373148,0.0002448432337018952,0.03276868624204005,0.001073786798029265,-0.0006546098295851119,-0.08398503579225461,0.007053486237026286,-0.000866873475984357,-0.2216156781327291,0.04911350879422938,-0.0008233966359134326,-0.217623607226852,0.04736003442242716
32,7.4305488863562905,-0.001690788633495351,-0.0014462272117520408,-0.4377575113258549,0.1916316387222059,-0.0011943483021053716,-0.3551813668504268,0.12615380335773746,-0.0010497395659130237,-0.2607032841952437,0.06796620239018601,-0.0008071823956597189,-0.1767994120062758,0.03125803208576486,-0.00012442990974722136,-0.017862769378575186,0.0003190785298721633,0.00042803430911540383,0.0589048497156389,0.003469781320022003,-0.0010509478345800103,-0.30134985160710304,0.09081173306362302,-0.0008977315022437739,-0.26612669321416127,0.07082341684110431
33,7.670244011722622,-0.0011676353518059747,-0.0013880259692336553,-0.428614618042335,0.18371049079957674,-0.0012302795239412855,-0.37324610369118444,0.1393126539206504,-0.0012699632586676906,-0.2999747947723312,0.0899848774987022,-0.0008316310663817715,-0.17324811256750386,0.03001490850820249,-0.0017891877601035997,-0.2620663347954208,0.0686787638331056,-0.0012839160695275822,-0.1802770391902053,0.03249981085918681,-0.0013978454602630965,-0.39753160168170026,0.158031374335618,-0.0009848131586833817,-0.2895466143365349,0.08383724187375005
34,7.909939137088954,-0.0007628104845354505,-0.0007620447048915113,-0.21526724147619927,0.046339985252772296,-0.0003536593542891174,-0.09815326380198013,0.009634063194981102,-0.0017262075691554036,-0.36656354795204626,0.1343688346871921,-0.0021951855247285884,-0.4111229189941311,0.16902205452225488,-0.0018420344929368044,-0.24394850811026478,0.05951087460922392,-0.0025201031805343684,-0.3199390099570732,0.1023609700923122,-0.001025879938746282,-0.2615552684517093,0.06841115845484572,-0.000745130636837036,-0.19640453230541996,0.03857474031011075
35,8.149634262455287,0.0006733201057861015,5.685127818366733e-05,0.016654845978732485,0.0002773838945753016,8.175230919431689e-05,0.023530031897417664,0.0005536624010934927,-0.0004937229452830433,-0.1300548318098742,0.016914259277094668,-0.0008165801287346301,-0.18970823658758995,0.035989215029172995,-2.165162770217649e-05,-0.003323601840548069,1.104632919449451e-05,-0.00021870238246078852,-0.03218254757896263,0.0010357163686721934,0.00023750951392483957,0.06145286586386604,0.003776454722882311,0.0002685255805120595,0.07182885515470407,0.005159384432835457
36,8.389329387821618,-0.001201195488683714,-0.0012417617457583636,-0.3646071900747694,0.132938403054219,-0.0014666137570043033,-0.4230822509390722,0.17899859105967209,-0.00033888950689259207,-0.07861738576858036,0.006180693345085783,0.0004502846141397109,0.09212802971987266,0.008487573860065739,-1.614390324057944e-05,-0.002093824957691,4.384102953449718e-06,0.00042034205587809727,0.05226165229033271,0.0027312803001156376,-0.0006255721733976097,-0.17508568321493626,0.03065499646684101,-0.0005373369090902029,-0.15547910638598525,0.02417375252258452
37,8.62902451318795,0.001714468464455667,-0.00038644140356338454,-0.09196319831054776,0.008457229843505136,4.251613522450593e-05,0.009940455729689488,9.881266011391657e-05,-0.0007369392621027836,-0.13130660531690824,0.017241424599850317,-5.48409436649736e-05,-0.008617950531539586,7.426907136406344e-05,-0.0013735512904146673,-0.14516341263149465,0.02107241636682158,-0.0002665892746071427,-0.0270086842088681,0.0007294690226943612,-0.0002581751822088491,-0.05332366836452352,0.002843413607849686,0.0005477845702409029,0.11696810978838305,0.013681538707467232
38,8.868719638554282,0.00029676512923360217,-0.0001228714669007904,-0.03436980623924726,0.0011812835809233996,0.00029964818230383014,0.08234927652313977,0.006781403343884539,-5.53182453069216e-06,-0.0012104948065810028,1.4652976767595793e-06,0.0002627364212915087,0.05070596052136501,0.0025710944323942267,8.732092824789055e-05,0.011826331612297621,0.00013986211940403005,0.0006788655611785153,0.08813815439582542,0.007768334260302361,-0.00012452777773454333,-0.032051620812031036,0.0010273063966782208,0.00033712947291526216,0.08970830065129778,0.008047579205743635
39,9.108414763920614,0.000279361222410117,0.00040463177469354106,0.117719533407463,0.013857888545670796,0.0005730265130418007,0.16378923882591007,0.026826914755171006,5.976757459339668e-06,0.0013695685007563388,1.8757178782639655e-06,1.980295343014037e-05,0.004002140140689417,1.601712570571751e-05,-0.00026113451851449626,-0.03905479541172125,0.0015252770446514032,-0.00012236667954247383,-0.017543721518336712,0.0003077821647129507,1.5669047538351804e-05,0.004051793711900257,1.6417032283794465e-05,7.299823645296099e-05,0.019515031035245687,0.0003808364363066024
40,9.348109889286945,-0.0004228328855929004,-0.00031138260517280225,-0.09978208206060753,0.009956463900349814,7.342830604138642e-05,0.023117657387641332,0.0005344260830923679,0.0006832009106289113,0.152254277982018,0.02318136516382561,0.0004913453100279981,0.0965721903474063,0.009326187948495674,6.283430156175764e-05,0.009246293513503735,8.549394373786127e-05,0.00025702165121381466,0.036256765591819784,0.0013145530511801666,-0.00032432049391679875,-0.09163601310059473,0.00839715889697237,8.159847438622401e-06,0.002383559414732477,5.681355483559829e-06
41,9.587805014653277,0.00010684376805166661,-0.00041023283649098223,-0.11488165811022125,0.01319779537015376,-0.0002738189521611193,-0.07533657624264907,0.005675599719964475,-0.0007433305300496105,-0.19130117913900027,0.03659614113997188,-0.0006476943282468057,-0.14701104666499962,0.021612247841538697,-0.0009960712620586262,-0.1485460159262904,0.022065918847573716,-0.0008352721771802343,-0.11941175445504862,0.014259167102032826,-0.0012037355900281516,-0.3114166922771858,0.09698035622886347,-0.0010731952554221872,-0.28703951028608593,0.08239168046527601
42,9.827500140019609,-0.0011779986149954684,-0.0010179718493336185,-0.2965761236908253,0.08795739714347572,-0.000985925315383523,-0.2822061890975484,0.07964033316496126,-0.0019082645158677025,-0.4286121283641525,0.18370835658084875,-0.0017790251832686345,-0.3524132076078559,0.12419506889645773,-0.001972036530153124,-0.2791626648039662,0.07793179342045158,-0.0015752768472945694,-0.21377048159229445,0.04569781880020149,-0.0012890733908203506,-0.3636344179882819,0.13222998994567653,-0.0009097998397325692,-0.26532938159632347,0.07039968073828744
43,10.067195265385942,0.0008003756514224614,-0.00027785449559443155,-0.079557847967011,0.006329451173142037,-0.0009146707096886982,-0.2573075151932891,0.0662071573749447,-0.002530315122531175,-0.4941729772864298,0.24420693148013423,-0.002005637064256817,-0.34546251324995786,0.11934434806097732,-0.0027850557861872345,-0.4069937723154279,0.16564393070354236,-0.0020496739614776767,-0.2871356488753477,0.08244688085506695,-0.0003798969776874415,-0.09359128356004008,0.008759328358415827,-0.0007176345824553075,-0.18277848533634913,0.033407974701849995
44,10.306890390752274,-0.00025730666499932536,-0.0002874434986421782,-0.09891403105829102,0.009783985540200562,-0.00041335874058032244,-0.13975090724538933,0.019530316075909413,-0.0018552530790143533,-0.39640018492788925,0.1571331066108648,-0.001211593921788877,-0.22831370016175748,0.0521271456815529,-0.001852404031334556,-0.24080860723463796,0.05798878531828613,-0.000991823870316411,-0.12360023902261398,0.015277019086447305,-0.00033093726267119654,-0.09446689283775359,0.00892399384241962,5.7199511595694437e-05,0.01688023277978875,0.0002849422586998546
45,10.546585516118606,-2.5908344595037824e-05,-0.00043611808316884246,-0.14069823177623267,0.01979599242495849,-0.00036728686430617517,-0.1164158306134629,0.013552645617422488,0.00031829542156600494,0.07518518850700184,0.005652812570833403,0.0005749588397005848,0.11977959928405986,0.014347152404649953,4.8726475136576026e-05,0.007064098410492151,4.990148635311775e-05,0.0002837582456723394,0.039435622570921425,0.0015551683275561673,6.119379171777009e-05,0.018736901440310812,0.0003510714755839213,0.0003255107129044086,0.1030404732532599,0.01061733912825577
46,10.786280641484938,0.00036957725721104923,8.817399132957691e-05,0.030450118176180853,0.0009272096969433794,-9.564512667517374e-06,-0.003245139933438046,1.0530933187594286e-05,0.0005243554075675675,0.11891908060586212,0.014141747732143533,0.000696090781923806,0.13923097791670871,0.01938526521164303,0.00044724268577592404,0.0598814905348616,0.0035857929086767185,0.0008545235306916892,0.1096785871411894,0.012029392477287478,-1.0660078643415683e-05,-0.00296054816591854,8.764845442723631e-06,-0.00013732244917902888,-0.03942806039726696,0.0015545719466905318
47,11.02597576685127,-0.0009854904048428761,-0.0006818099981120541,-0.17132096027363883,0.02935087142908174,-2.2916122791236054e-05,-0.005657315182627239,3.200521507558467e-05,8.041872498289799e-05,0.020196965827446397,0.0004079174286350375,0.000619031209231288,0.13711522848445673,0.01880058588234478,4.304715493333298e-05,0.006215312042172387,3.863010378157309e-05,0.0010388000953609295,0.14378014947827428,0.020672731383994898,-0.0006926842328943222,-0.1518492792155384,0.023058203598278537,0.0002169423604623899,0.049167026489403826,0.0024173964938097375
48,11.265670892217601,-0.0008950777975665556,0.0005867526691968403,0.1478534635685371,0.021860646689212723,0.0012354358322576617,0.30585720946510003,0.09354863258177809,-6.711868114004612e-05,-0.015015664028007344,0.00022547016620199373,0.00036003942337832425,0.0710387621019947,0.0050465057209837984,0.0008646446131981446,0.10732687183467818,0.011519057417817436,0.001347567104928003,0.16035027102547886,0.025712209417944522,0.00047888729344711063,0.09953112704274217,0.009906445250398481,0.0010411322290093178,0.22370909901297345,0.05004576098119635
49,11.505366017583933,0.00018405146131590796,0.0004420656667203023,0.12009394222754806,0.014422554959753656,0.0013294751208225294,0.3548433160917003,0.12591377897495432,0.0008475981822838725,0.22830639138103045,0.052123808345428256,0.0007572693013055525,0.17989645427522544,0.03236273426079827,0.0015435845401952416,0.20840322600087077,0.04343190460757001,0.0018203221718175334,0.23559753486130314,0.05550619843272296,0.00029454939677715466,0.08586671026270142,0.00737309193133871,0.0005592305921115862,0.16854262666168504,0.028406617002020143
50,11.745061142950265,-1.5077307467528807e-05,-0.0005746942807713868,-0.18011898407418794,0.032442848423917564,-0.0006868812561977587,-0.2115077955398916,0.04473554757414458,-8.015996235520821e-07,-0.00021016482722190517,4.4169254601213244e-08,0.00020628500747323683,0.04769956240399088,0.0022752482535322205,-7.391676212559198e-05,-0.010864985078184404,0.00011804790074916978,0.0006555622971956428,0.09237376261163359,0.008532912019030437,-0.0009937499931298303,-0.2549175284038235,0.06498294628751417,-0.0012544995384413343,-0.33269418979106313,0.11068542392073194
51,11.984756268316596,-0.0017396583354184192,-0.0011622755050365804,-0.3384945775549606,0.11457857903411123,-0.0004268876924267498,-0.12214575112619955,0.014919584518183478,-0.0018026118406568217,-0.4129220261827624,0.17050459970687792,-0.0015703156012893086,-0.31724659894268703,0.10064540454070212,-0.0017554435249219143,-0.24462457411901758,0.05984118226291072,-0.0016183525615092497,-0.21618961388585956,0.04673794915211703,-0.0014871248667371185,-0.3612192535098224,0.13047934910619338,-0.0005421042143765294,-0.13613142440628012,0.01853176471088276
52,12.22445139368293,-0.000787281784324347,-6.091297284195686e-06,-0.0017342327070170478,3.0075630820876784e-06,0.0006667050840745304,0.1864890959832286,0.03477818292064185,-0.0015177818118209609,-0.32080789976895036,0.10291770855416489,-0.0010273200611555387,-0.19150745197501925,0.03667510416196431,-0.0016895637399564412,-0.22346954699709143,0.04993863843508525,-0.000765395674208433,-0.09704613360836584,0.009417952048332793,0.00022345490464627807,0.05513414172374716,0.0030397735836142368,0.0009280531437857338,0.23673132187294063,0.056041718755709825
53,12.464146519049262,0.00030001511469671,0.00045224566285974007,0.13964531802654015,0.019500814846733536,0.0001306583723321138,0.039637961578240996,0.0015711679980781091,-0.00033785092297705833,-0.08714532031878908,0.007594306853464354,-0.000169383301066383,-0.03853308251485282,0.0014847984480964565,-0.00022643987055409736,-0.033792722972043956,0.0011419481258653074,-6.512883837281593e-05,-0.009317343102111297,8.681288248246096e-05,-1.851551517575796e-08,-5.105319430355085e-06,2.6064286485961166e-11,-6.154618251045626e-05,-0.017544475543372896,0.00030780862209200965
54,12.703841644415593,-0.0010516728246187784,-0.0010038539691413484,-0.3046689420631033,0.0928231642578506,-0.001020671018445746,-0.30434454864214827,0.09262560428819293,-3.992717829611227e-07,-9.275864386508235e-05,8.60416601168918e-09,0.0006464595363931557,0.13245590279294997,0.01754456618469541,0.0003142080140047321,0.04544909211337106,0.0020656199739296876,0.0010048921206698043,0.13934001770377755,0.01941564053368904,-0.0009212917320643245,-0.24292478339372522,0.05901245038688832,-0.0006177936793422098,-0.16841092502148572,0.028362239666592487
55,12.943536769781925,-1.2086000451244491e-05,-0.00018200340875619173,-0.050805968976647284,0.002581246483656046,-0.0005216318943585879,-0.14306106516964984,0.020466468367474795,-0.0011069129423877011,-0.27239118874842216,0.07419695970777855,-0.0007812893780742875,-0.16956480263462395,0.028752222292518975,-0.0011514524651905008,-0.18321594622803675,0.03356808295223485,-0.0004941406345888785,-0.07537308487772253,0.005681101923984364,-0.0007459261739496432,-0.19339691209305768,0.03740236560712988,-0.0009395477376251182,-0.2518399882070177,0.06342337966011082
56,13.183231895148257,-0.0009818034301670834,-0.000857544266767558,-0.23389043912147195,0.05470473751243498,-0.0008281700947637418,-0.22192057315883307,0.04924874079114498,-0.0006146543656634994,-0.14041274407888302,0.019715738699761905,-0.0009332611139789448,-0.1880281728821197,0.0353545937973883,-0.000578824692644725,-0.0824691389057969,0.006801158871863622,-0.0010910811699252026,-0.14902184525672804,0.022207510363720203,-0.0012269630940456616,-0.3266521130752414,0.10670160297652027,-0.001079113088532051,-0.29701137506874187,0.08821575692022485
57,13.422927020514589,-0.0010113263695189886,-0.0007312158940861027,-0.22821586337541136,0.05208248029618442,-0.0007012998986759978,-0.21504338229404668,0.04624365626846352,-0.0018080867730559595,-0.39607205865381945,0.15687307564627462,-0.00228183809978515,-0.440843014008046,0.19434256299969824,-0.0018337162563465046,-0.25392300700406456,0.06447689348598622,-0.002877907577492341,-0.3820280273180683,0.14594541365653474,-0.001119106509170738,-0.31535901688776485,0.09945130953241756,-0.0009531193293903066,-0.27767274816901666,0.07710215507573417
58,13.66262214588092,-0.0008674541781551457,-0.0005623052625539739,-0.1667648665844881,0.02781052072694212,-0.0008404065613264854,-0.2448747166924387,0.059963626875202125,-0.0007833646820936808,-0.1958778721949387,0.03836814081561674,-0.0009449985413367417,-0.20839952628842248,0.04343036255723888,-0.0004158031994778163,-0.060376227544730494,0.003645288852533073,-0.0004679407325840589,-0.06513545684380827,0.00424262773825161,-0.00022727277324724796,-0.06159120151023728,0.003793476103474655,-0.000587645826223014,-0.1646414078028,0.02710679316328789
59,13.902317271247252,0.0003537661873290737,0.0004942577554208997,0.14837343111757736,0.022014675061602467,0.0005876748209341452,0.17332524817304754,0.030041641654248517,-0.0007868667160097815,-0.17618708347394343,0.031041888383054318,-0.0011104634517398117,-0.21929127856971817,0.04808866485674173,-0.0014134285122669908,-0.20624127280896856,0.042535462609863385,-0.00219517928838786,-0.30705784299465105,0.09428451894452777,0.000539578484190294,0.13529862246566562,0.01830571724110672,0.0005051911434372586,0.1309624012715631,0.017151150546813917
60,14.142012396613584,-0.00029171190230200763,-0.00024319334259249615,-0.06523206804318243,0.004255222701190384,-0.00037381187361376606,-0.09851098396240228,0.00970441396124068,-0.0006418501094641091,-0.14419378431450539,0.020791847434938098,-0.00045052987891927565,-0.08926489899336741,0.007968222192296088,0.0005404872558864955,0.08595510452156195,0.007388279993312642,0.0004161554723865387,0.06344396113110964,0.004025136204005752,-0.00029762652331739685,-0.07279297063782952,0.005298816574279911,-0.000389520415701471,-0.09849182549446946,0.009700639689233022
61,14.381707521979918,-0.0009684906229307331,-0.0006854215025992523,-0.17925569953341566,0.032132605815214196,-0.0008518628081259003,-0.21888046661458962,0.047908658665420475,0.00010442288500653856,0.02343408239834156,0.0005491562178522617,0.00024395316141211142,0.0482839636808407,0.002331341148732744,0.0010296419116004071,0.13575901428981382,0.018430509960941872,0.0004545805744455704,0.05745684869982884,0.0033012894625150226,-0.0007661186812309475,-0.18433847856532948,0.03398067467978043,-0.0005780810392347886,-0.14380064081756505,0.02067862429954236
62,14.62140264734625,-0.0008838040575967935,-0.000685907282403404,-0.1914625038726729,0.036657890389193294,-0.00021755552464641575,-0.059663748647357226,0.003559762902655021,-0.00014745666492769214,-0.04087821663192301,0.0016710285950064271,-0.0002429610847867781,-0.05940300990078587,0.0035287175852728634,-0.00046732440069502114,-0.080168672331192,0.006427016023346031,-0.000498757819851234,-0.0820208786656224,0.006727424537080751,-0.0004541428546424391,-0.11874545661813823,0.014100483467450148,-9.006865536223412e-05,-0.024347274134397117,0.0005927897577754828
63,14.861097772712581,7.419279702843324e-05,-9.891352714100791e-06,-0.0031643334954574763,1.0013006470474132e-05,-5.951386891719865e-05,-0.018705393283265488,0.00034989173788163363,0.0004490269019260614,0.10635463135410185,0.011311307610466904,0.00031153213782846305,0.06507753584271198,0.004235085671359462,-4.077630442390837e-05,-0.005958279349905042,3.5501092811504844e-05,-0.00035710200288374195,-0.05002115897712322,0.002502116345414635,-0.00011117151994298001,-0.030687211957968547,0.0009417049777532879,-0.00015624274819708893,-0.04458778609871975,0.001988070669185186
64,15.100792898078913,0.0004690507223627942,0.00039393966729217323,0.11252268810823679,0.012661355339103533,0.00020134635269780773,0.056503617286837636,0.0031926587664974164,5.850626047989235e-05,0.01376603251263998,0.000189503651139061,-0.0001399816162413869,-0.029048362349165684,0.0008438073551684265,0.00035613503381155066,0.046805241218682084,0.002190730605539017,0.0004338887664188197,0.05466466130122368,0.002988225195177502,-5.846704353103118e-05,-0.015711970419403823,0.00024686601446022077,-0.0006201420125275202,-0.17229109198244358,0.02968422037650283
65,15.340488023445245,-0.00014470216791975267,-0.0002504563502246996,-0.08477406353366072,0.007186641848009144,-0.00031795711507629355,-0.10573568936611116,0.011180036005726752,0.0007250309310681545,0.1874251272963161,0.03512817834204029,0.0003270340002605745,0.07456042684054133,0.005559257250643716,0.0013284355930641633,0.18548938561696432,0.034406312176558894,0.0011548030060576434,0.15457346099032931,0.023892954842528853,-0.00013040512531044,-0.036988066106450564,0.0013681170342951568,-0.0004789389801190835,-0.1404427418320759,0.019724163733311116
66,15.580183148811576,-0.00011789571605386404,-0.000652338297221308,-0.18965130519113382,0.03596761756070058,-0.0007943240331407677,-0.22688342146693252,0.051476086936541744,0.000621363398146101,0.15189286739840469,0.02307144316650935,0.00025397933071495243,0.05475632430399476,0.0029982550512842477,0.0002657233151159938,0.03829816108020771,0.0014667491421255369,0.00027029916010327124,0.03734577029116982,0.0013947065586408219,-0.00036959486724989364,-0.10428558131562264,0.010875482470337343,-0.00037994154019331517,-0.1108325343324439,0.012283850666552356
67,15.819878274177908,0.0005117504709825408,-1.7540034612648256e-05,-0.005347200202279169,2.859255000325438e-05,-0.0002531415650303546,-0.0758196122689271,0.00574861360461044,0.0008522932698315683,0.21300236192080552,0.04537000618384183,0.0005167823967494671,0.11390617572509622,0.012974616868316498,0.0008066705511317074,0.11432774387586174,0.01307083301974464,-3.685789924475503e-05,-0.0050076558579506105,2.5076617191667062e-05,0.00041264535422988805,0.11739217141211251,0.013780921908850807,0.0004099224811878289,0.12056355984999498,0.014535571963703321
68,16.05957339954424,-0.0005610370237529686,-0.0008310875539063832,-0.21872454341933545,0.04784042589399676,-0.0012053884430875607,-0.31167348936307104,0.09714036397175237,0.0009351196121025263,0.20976674014890664,0.044002085272698915,0.0011336127759436555,0.22427372410981597,0.05029870332608584,0.0012112504769173492,0.15939100535922052,0.025405492589423064,0.001842653039656584,0.2324458959544377,0.054031094546061295,-0.0004168304105056155,-0.10762916071034925,0.011584036235214189,-0.0005883289540613293,-0.15705180424220175,0.024665269215730853
69,16.299268524910573,0.00050639765546976,-0.00015623746082315117,-0.05513050012594164,0.0030393720441364517,-0.00018204693797125896,-0.06311204292249249,0.003983129961850536,0.000135227541989306,0.03550691403253317,0.001260740944113701,0.00022892307581619584,0.05301289803495507,0.002810367358064543,-0.0005048397781400756,-0.07792950691351902,0.006073008047784208,-0.00045800019218417707,-0.06777390152094619,0.004593301727370912,0.00025877525924233104,0.07915610998764061,0.006265689748375458,0.0004141494905116162,0.13096974215000529,0.017153073358838877
70,16.538963650276905,-0.00027497949568720223,-0.00041757643953238994,-0.13464363057850193,0.0181289072553601,-0.0002161155468806335,-0.06846331701226109,0.004687225776321359,0.0006417628475776937,0.162399288682959,0.026373528964731052,0.001012722401744351,0.22601859297355537,0.05108440436974569,0.0007869605545668487,0.12186118495192075,0.014850148397886237,0.0009248828334913938,0.1372927540673654,0.01884930031940208,-6.133626475810507e-05,-0.0166724728981689,0.00027797135254017653,0.0003189679155964894,0.08963587157717638,0.008034589473400059
71,16.778658775643237,0.0004532322788704511,0.0009603677029731316,0.2873477074264813,0.08256870496325468,0.0007488719255281913,0.2201404447609525,0.04846181541954997,-0.00013228251283956365,-0.032024739451851095,0.0010255839369589478,1.2608618496916553e-05,0.0026921228386472098,7.247525378365911e-06,-4.287965425036478e-05,-0.006061868053291947,3.67462442955215e-05,0.00015434092281859033,0.020916295203241307,0.0004374914050291353,0.0007296402281254772,0.18840349888463487,0.03549587839197261,0.0004784563878845079,0.12772464398083028,0.016313584680029844
72,17.01835390100957,8.813158215679903e-05,0.0004005121041102313,0.11269291860009373,0.012699693902607353,0.0008380338571365471,0.23166725116329787,0.053669715261558525,-0.00010484946740197559,-0.025274409147134993,0.000638795757736781,-0.00010964297200005522,-0.02330986622677662,0.0005433498635102213,3.781868880701649e-06,0.0005552010236425936,3.082481766537838e-07,0.00033366273786744307,0.04695695921428768,0.002204956018652276,0.00013535295734906093,0.03802762077434223,0.0014460999417571848,0.00047289071534492637,0.13735495864338165,0.018866384663925085
73,17.2580490263759,0.0006083115635558518,-0.00023732495972608665,-0.05246457585683495,0.002752531719837589,-0.00016524917423512724,-0.03589088341345215,0.001288155512198015,-0.00034301418931771303,-0.06899932790153436,0.0047609072508634585,-0.00032279016084841753,-0.05726605449254226,0.0032794009971428197,0.0004509484056458348,0.05499134362260862,0.0030240478734198184,0.0007960928690405448,0.09306356282906537,0.008660826726439396,-0.0003522656079202431,-0.07484263329316328,0.005601419758254911,-0.0005684076983293785,-0.12485068119482996,0.015587692594813067
74,17.497744151742232,-0.0009585794410112972,-0.0009456441117723036,-0.25128030074316854,0.06314178954157723,-0.0005314857218426545,-0.13875365186251992,0.019252575905185372,-0.0013127329428444735,-0.24230835704509301,0.05871333989389227,-0.0018847903861280225,-0.30683102156073877,0.09414527579200653,-0.0012092871596188829,-0.127330851990357,0.016213145868590205,-0.0015236624927353816,-0.15379472727637764,0.023652818138015376,-0.0007530004712195361,-0.1759452567062553,0.03095673335743008,-0.0008881414146240915,-0.2145441056659769,0.04602917327601387
75,17.737439277108564,-0.0010321010894703453,-0.0010304876350634743,-0.24459284309194804,0.05982565889180231,-0.0005595035275326377,-0.13047457443881286,0.017023614574989316,-0.0015188401549628223,-0.28534863102852115,0.08142384122985111,-0.002671853182685507,-0.4427112030574741,0.19599320931259606,-0.0013775725216894617,-0.15727662682988044,0.024735937346985475,-0.0023809964790794226,-0.2605895127575951,0.06790689415924082,-0.0010139502638927386,-0.2223840360850544,0.049454659505478775,-0.0012835709675755717,-0.29104422818054654,0.08470674275721005
76,17.977134402474896,-0.00047158736652769457,-0.0008463658564882669,-0.2248338740376649,0.05055027091478455,-0.001254712533680994,-0.3274688124104618,0.10723582310151822,-0.0009059515570106674,-0.18810374756198608,0.03538301984686339,-0.002044716959274716,-0.37442933843519455,0.14019732948101746,-0.0010086182647214739,-0.14278753905847152,0.020388281310374536,-0.0015956356244672734,-0.2165437582812351,0.04689119925056196,-0.0009785239952832432,-0.22246208236574497,0.0494893780905035,-0.0017630005702988832,-0.4143707783891947,0.17170314198286715
77,18.216829527841227,0.00030369694142098316,-0.00039425183333001884,-0.11427477412641553,0.013058724001643287,-0.0010893285003513622,-0.3102113017298758,0.09623105172094408,-0.0005055702236135348,-0.0949256071723539,0.009010870897040049,-0.0018678718962895685,-0.3093094460088095,0.09567233339027661,-0.0006897396046954365,-0.07798444749374334,0.006081574050904411,-0.002751697878372134,-0.2982442302599799,0.08894962088336791,-0.00022473421506965098,-0.05384294430882612,0.002899062651843352,-0.0007771813539600206,-0.1925015034515024,0.03705682883108879
78,18.45652465320756,-0.001620027356672849,-0.0012561682766841884,-0.3534521101562181,0.12492839417388336,-0.0011617655057061139,-0.3211613942703303,0.10314464116966258,0.0009590251651905948,0.22341488489484834,0.04991421079257834,0.0007112733116923471,0.14613788363684937,0.021356281033857328,0.0007116449711796955,0.08941624636777236,0.007995265114502163,0.0004177849745388813,0.05032158738386961,0.002532262156832425,-0.00031642429289966106,-0.08157835034351026,0.0066550272447685,0.0001798396031507694,0.0479338802147732,0.0022976568724442257
79,18.69621977857389,-0.0006429915192872307,-0.0005773146917974774,-0.17208123562531807,0.029611951654336235,-0.00016620426223550998,-0.048672669111821394,0.0023690287184688526,0.000806871776355204,0.19319146967931325,0.03732294395685301,0.0007983543328394912,0.1685866992192666,0.028421475153647468,0.0011443206651549952,0.16517706548282204,0.027283462961516486,0.0006856919262465355,0.09488105544754429,0.009002414682839972,-1.219060324330677e-05,-0.003309190078744059,1.095073897725811e-05,0.0007422126577936777,0.20829412629200064,0.04338644304774791
80,18.935914903940223,3.370914007279046e-05,-0.0004414837356272072,-0.13188007793967002,0.01739235495737344,-0.0003965626374040425,-0.11638536702990147,0.013545553658684874,0.0002136024905638312,0.05685300371476718,0.0032322640313913317,0.0006594491783508808,0.15480059768828305,0.023963225044649664,0.0004555409415184018,0.0738340290611648,0.00545146384740493,0.0006328173537132822,0.09832319881145334,0.00966745142451658,0.00022165755066993174,0.058921596994897976,0.0034717545924291705,0.0004320139130793989,0.11872491383519998,0.01409560516517566
81,19.175610029306554,-0.000288824993957758,-0.00043300365161869656,-0.13592059589445227,0.01847440838830299,-0.0005423303879161587,-0.16725524675418382,0.02797431756680291,0.00044511364823942304,0.10438151994526146,0.010895501706083015,0.0008034675037933284,0.166174821570497,0.027614071323986515,0.0005559812177669544,0.08488060499175618,0.007204717103766544,0.0005086222340847243,0.07443756413198377,0.005540950953903195,-0.00015921347873499642,-0.04485276630646303,0.0020117706453421855,-0.0003495293059891887,-0.10179938320262728,0.010363114420435353
82,19.415305154672886,3.3959589192381744e-05,-0.0011210247240416196,-0.3038424197453077,0.09232021603668376,-0.0006856880152012287,-0.18259205378477147,0.03333985810534088,0.0006109172225226409,0.14839565115917638,0.02202126928295597,0.0009065614631067584,0.1942138770714931,0.03771903004714102,0.0011372261919073586,0.1528530393185034,0.023364051628903936,0.0012428984572357246,0.1601442463359223,0.02564617963450056,-0.0006790073931958684,-0.16131772453628646,0.0260234082495652,-0.0002497222077684346,-0.061336204804478246,0.0037621300198169005
83,19.655000280039218,0.00014306667395328932,0.000481519344047734,0.15698621466126694,0.024644671593673388,0.00026956604418343697,0.08634457660580834,0.007455385909236305,4.8842408056472974e-05,0.010373403469855524,0.00010760749954841064,0.000216852574490113,0.040619351358070765,0.0016499317047504053,0.00029105839100797645,0.039788865435422184,0.0015831538126381344,3.312919146077035e-05,0.004341509283962498,1.8848702862732557e-05,0.0004356375179513864,0.12012127854353395,0.01442912155893327,0.0003978903169999566,0.11342536658649985,0.012865313785281872
84,19.894695405405553,-0.00013595633466419082,0.0004984477929345885,0.14638977999474193,0.021429967686908937,0.0009071965495333159,0.2617668038355571,0.06852185959028305,0.000983645827848444,0.223989688114977,0.05017138038184466,0.0010926260670275532,0.2194345595939292,0.04815152594418167,0.0012273181067447927,0.15676194022166473,0.024574305902060785,0.0009948429146547345,0.1218109879937624,0.014837916796016528,0.0007102503935706639,0.17936124567564615,0.0321704564503195,0.0011120948981475298,0.2903428442305262,0.08429896719587163
85,20.134390530771885,0.0010260536311185004,0.000719042922202421,0.19016870470221386,0.03616413624811782,0.0008708792131525556,0.2262894240413617,0.051206903432971206,0.0008602128466954739,0.2050717530960237,0.0420544239178765,0.0012436206000543204,0.2614761166893487,0.0683697595989419,0.0017997410376363598,0.2505144565992291,0.06275749296520705,0.0022735289636177094,0.30336937070386033,0.09203297508125621,0.0012757402084495224,0.285722369421924,0.08163727238807843,0.0012142713155060994,0.28115763739984323,0.07904961706826172
86,20.374085656138217,7.731831738168737e-05,0.0003134185523446574,0.08459387468149882,0.007156123633629125,0.00018114598372148024,0.04803579984753669,0.002307438066992606,0.0007869139607107142,0.1695242721819261,0.02873847885881177,0.0008835856395367458,0.16787943012614448,0.028183503059479028,0.0007389312496845104,0.10905811515943485,0.011893672482128553,0.0009605470299612826,0.13590049967121604,0.018468945810886185,0.0007076918072560924,0.17406501321255927,0.030298628824688426,0.0006577049777010151,0.1672440201119343,0.02797056226320108
87,20.61378078150455,0.0010667248595566136,0.000750147093189623,0.20589547529915714,0.042392946748665825,0.00024968412233264815,0.06733074159086994,0.004533428763176503,0.0004155030000720112,0.1017055676001968,0.0103440224808782,0.0007443442810190431,0.16068991427545726,0.025821248549853806,0.00031527204794590247,0.04723080984900639,0.002230749398992999,0.0003728335297891427,0.05354308038318478,0.0028668614569201866,0.0004230399810282555,0.12672764445052853,0.01605989586797957,9.385119103959523e-05,0.029065773647654194,0.0008448191977366691
88,20.85347590687088,0.0005506114408687249,6.517217246014491e-05,0.017318889744973084,0.0002999439419985338,0.00025677742061502146,0.06704042844214593,0.004494419045706489,0.0007291211087337994,0.1778887480143888,0.03164440667012672,0.0009898123758489818,0.21298346373322158,0.0453619558238005,0.0010347010552190434,0.15416702825399586,0.023767472600668364,0.0013778759368716343,0.19680457527062717,0.03873204084745195,-5.4423365216058293e-05,-0.013794634873767541,0.00019029195130056364,5.308170596437841e-05,0.013909830548397709,0.00019348338588513807
89,21.093171032237212,0.0014328088490551231,0.001083042155911006,0.2987241463864729,0.08923611563432686,0.0011828136761815738,0.32052610399692355,0.10273698334344662,0.0012431498951430457,0.30130919937135936,0.09078723362580957,0.001491581310689984,0.31884530473522693,0.10166232835169972,0.0008938209617111116,0.1314408269408973,0.017276690986906915,0.0010398707198676525,0.14659108623527614,0.02148894656363817,0.0012347278170788181,0.2987973459237159,0.08927985393105674,0.001317992198064176,0.32973913371565305,0.10872789630354932
90,21.332866157603544,0.0016331038837859985,0.0009207683045902575,0.2645135423360818,0.06996741407918212,0.0008579839818777167,0.24215800496447415,0.05864049936837429,0.0012200474950890747,0.27870843624344455,0.0776783924332662,0.0016950977427468339,0.3415169959763766,0.11663385854072844,0.0005402444473501227,0.07941220692354584,0.0063062986084680625,0.0010048386628043785,0.14159299120334995,0.020048575157911936,0.0009553093584502962,0.24488424839281317,0.05996829511091303,0.0012027145569727335,0.3187363069687705,0.1015928333800903
91,21.572561282969875,0.000512557862898067,0.0006391273235358717,0.1845464945865159,0.03405740866417093,0.0005888852667127781,0.16705951042950642,0.02790888002494636,0.0004314399414782412,0.09496865175465895,0.009019044816097686,0.0010660164366041542,0.2069512358751935,0.04282881403026998,8.790543499466172e-05,0.012137787549648255,0.0001473258866003962,0.0013771458156070881,0.18228553074999154,0.03322801472080611,0.0002964607030064008,0.07153224100324096,0.005116861502945748,0.0004038544227889744,0.10074226025356377,0.010149003000996776
92,21.812256408336207,0.000265776506657623,0.000873685287272807,0.2492429556699863,0.062122050951110765,0.0010423912230821638,0.29215997331596777,0.08535745000798702,0.0009487089419728406,0.2105644736201424,0.044337397550927644,0.0014813069249495425,0.2899621806965183,0.08407806623428031,0.0012713404971243848,0.17892672891114372,0.032014774318841914,0.0016525529695304445,0.22295498956636614,0.04970892737253844,0.0013264704331696741,0.34299003399317224,0.11764216341863745,0.0011660689876697558,0.311716881272829,0.09716741407045897
93,22.05195153370254,0.0019098775807429816,0.0015168693743603174,0.4196103017273471,0.1760728053157153,0.0014737960191930663,0.40055064722783124,0.16044082099463447,0.0005844202696104485,0.13643618623372591,0.01861483291400394,0.0004769467274067309,0.0982015569130013,0.009643545780137434,0.001155591936606569,0.16384613514518184,0.026845556002013198,0.0006930435642257665,0.09419778691543956,0.008873223059766558,0.0011164123336636345,0.2887493121065305,0.08337616524199455,0.0008538497795927334,0.22831263864572732,0.052126660965374466
94,22.29164665906887,0.0018366188239820468,0.001554815238491263,0.4343814617802918,0.1886872543383831,0.0010480696175439491,0.28767672455305837,0.0827578978495762,0.0003601650767547752,0.08164564530939997,0.006666011397988346,0.0002667655363633078,0.053334146288889175,0.0028445311603646313,-0.00035472803745544067,-0.0463204974945347,0.0021455884881411954,-0.00010320150262938537,-0.012918502859224695,0.0001668877161237966,0.0010139719774040184,0.24469784538929548,0.05987703553816356,0.0005799356558858136,0.14468921276510416,0.020934968290585585
95,22.531341784435202,0.0006679767431377228,0.00041250972534807905,0.12499837631621823,0.015624594081690906,0.00044813297309642783,0.13341331624740468,0.017799112952130023,0.0014377548578865652,0.34035298244148054,0.11584015265681076,0.0012142186090930368,0.25350457453214265,0.06426456930872265,0.0012185922644925033,0.1757126532230978,0.03087493650270061,0.0006165443402388344,0.08522311437004107,0.0072629792229291,0.0008490455295661006,0.22280723220486315,0.049643062722791814,0.0005509361585805505,0.1494692071085987,0.022341043873673177
96,22.771036909801534,0.001282287808406824,0.0009349183008250328,0.28669707194712696,0.08219521106305609,0.0007182890968472687,0.21640683349443213,0.046831917583086864,0.0009220671050251456,0.23387010991096263,0.054695228309765746,0.0010617656400356066,0.23751172679088656,0.05641182036318873,0.0011924732067818478,0.17114271048805327,0.029289827353197618,0.001219019716844708,0.1677138667823273,0.02812794111108023,0.0008970554194532232,0.24015037397082076,0.057672202118325064,0.0007667350959541646,0.21220786983209003,0.04503218001867326
97,23.010732035167866,-0.00026990786680860433,0.00010880119130823944,0.03377641310136443,0.001140846081994023,0.0003479710687016605,0.10613169829168416,0.011263937382277071,0.00018985983216607033,0.04732778481166559,0.0022399192151793235,0.00044678195191994173,0.09822519629237245,0.009648189186675097,0.000401197178358224,0.05871621959488847,0.0034475944435151647,0.0006801752565928988,0.09542661334271586,0.0091062385340602,5.91088958521587e-05,0.015378743198413031,0.00023650574236273506,0.00045575699525623575,0.12258956145191116,0.015028200576971903
98,23.250427160534198,-0.0005361559868186144,-3.120938039990792e-05,-0.009254464288230329,8.564510926213048e-05,0.00046521455501077587,0.1355319013126152,0.018368896273412462,-0.0003802582974280798,-0.08888823851354831,0.007901118946041452,0.0003709206959076572,0.07646996046368942,0.005847654853318224,-0.0004048585483275433,-0.0634112706132026,0.004020989240780812,0.00021902692182699537,0.032885852727714764,0.0010814793096289449,0.00024970446741580247,0.06753746748682937,0.004561309514534534,0.0008449681979313062,0.23627130116697515,0.055824127755135476
99,23.49012228590053,0.0001058737553374649,0.0007218326667222312,0.2112922161981666,0.04464440062593277,0.0014018842202362977,0.40316350593017536,0.16254081251391053,0.0006664690328638785,0.1594659941111031,0.02542940327784237,0.00037797362085036855,0.07976158946290444,0.006361911153648908,0.0010686098402138315,0.14766727831738896,0.021805625085665213,0.0006677999626083052,0.08846265257817441,0.007825640901166785,0.0008371431285134319,0.2338977932721,0.05470817769755802,0.0011216315759882355,0.32398789542614115,0.10496815638266015
100,23.72981741126686,0.0011207631282149993,0.0002633824200861166,0.0816154220528657,0.006661077116867397,0.0002939913326511549,0.0895039235301391,0.008010952327288986,0.0009325414776460464,0.2243859527026877,0.0503490557702928,0.0006437876889629478,0.13662002936118914,0.018665032422652182,0.0007926879039694882,0.11426053140454058,0.013055469036848002,0.0008191635988122029,0.11319131872368776,0.01281227463440747,0.00034021692469681533,0.08967920162001931,0.008042359203204074,3.161613248351887e-05,0.008615821872167884,7.423238653292649e-05
101,23.969512536633193,0.0006541707163056648,0.0004120672029168092,0.13227887842864677,0.01749770167834071,0.00030397722878295664,0.09587063533761354,0.009191178720037677,0.0005456401894210649,0.12804597707711274,0.016395772245632486,0.0001514597396966643,0.03134736153139388,0.000982657074979913,0.00022457383904638206,0.032828851408913354,0.0010777334848285124,-0.0001432640278622646,-0.02007622933476432,0.0004030549843020515,0.00029709556187486005,0.08345041716520953,0.006963972125047496,9.651800634886777e-05,0.028028047227374987,0.0007855714313799626
102,24.20920766199953,-0.0008969466322826377,0.0001400125963275867,0.04520998924266994,0.002043943127322331,0.0005549236974303193,0.1760445828653861,0.030991695156247796,0.0005939803242971946,0.13147047973650747,0.01728448704214742,8.905296102768706e-05,0.017383961524901813,0.0003022021182992665,6.687093562595195e-05,0.009540500897997998,9.102115738470058e-05,-0.0008248747191344532,-0.11281588028452817,0.012727422844372992,-0.0002105932568987574,-0.05400627910485402,0.0029166781827513915,0.0002890544076971428,0.07663577287883547,0.005873041684736454
103,24.44890278736586,-0.00026493112741595695,7.507328941298749e-05,0.022527113448421312,0.0005074708403180443,0.0005495607711095968,0.16201600716018752,0.02624918657612994,-0.0003868811866215015,-0.09379223524469589,0.008796983392196372,-0.0003681619754901009,-0.07871770170220609,0.006196476561277498,-0.0005064928772284699,-0.07366249555298772,0.005426163251093935,-0.0005509090986953326,-0.07680712278964845,0.005899334111224135,-0.00018789216898834724,-0.050365382912200996,0.002536671795892628,0.00010236699664816416,0.028368447690931557,0.0008047688243931199
104,24.68859791273219,0.0001504643886104848,-0.0005897466306086865,-0.1891939127190435,0.03579433660994105,4.2313848814954155e-05,0.01333663668837852,0.00017786587815780402,0.0004754016477578049,0.10493551461456763,0.011011462227424136,0.0014572458789360897,0.283686617441955,0.08047809691565813,0.0015387236534133704,0.1950774121684232,0.038055196738328856,0.0030752832993624856,0.373748924472265,0.13968825854417483,0.00013350028827633015,0.036226843943468076,0.0013123842221043896,0.0007025062819544824,0.1970836782170144,0.038841976219547665
105,24.928293038098523,0.001105383699085293,0.0004866384907276194,0.13777629946559816,0.01898230869443418,0.000698135767881763,0.1941914247542974,0.03771030944810396,-0.0005065765937880655,-0.11491813013682624,0.013206176634144529,0.0003631765553510673,0.07266168012773216,0.005279719758984867,-0.00038777622470485807,-0.05415446661246836,0.0029327062540809496,0.0007817674191329776,0.10465961607908056,0.010953635237820537,0.0005407595567263643,0.13735152817195093,0.018865442291170226,0.0008731657118892951,0.22928630502727818,0.05257220967306205
106,25.167988163464855,0.0005946812108986366,0.0003560309672725484,0.09828842437018419,0.009660614365173417,0.0006360234058957386,0.17250822113703984,0.029759086359865846,0.0008202069422516788,0.1969370702407757,0.03878420963502022,0.0011958889368885795,0.25324395030057884,0.06413249836384204,0.0012671062326645272,0.18838415618865517,0.03548859030291163,0.001367317619609351,0.1948719016616765,0.037975058057238116,0.0006966688226049287,0.18774591346328104,0.0352485280221618,0.0009130824700482031,0.2543936534944476,0.06471613093825307
107,25.407683288831187,0.0020480437264105964,0.001574567863736117,0.45668129123886975,0.20855780176760141,0.0013892279116263133,0.3958653019821681,0.15670933731343317,0.0015114830409691123,0.37653508349962667,0.14177866910607081,0.0015934252866266617,0.35008868380055036,0.12256208652520174,0.00210296973072204,0.305691149924052,0.09344707914188925,0.0019105817737606018,0.2662342593576278,0.07088068085570463,0.0016681735224742034,0.43286470822327777,0.18737185562522338,0.001301557783611384,0.34916166758098893,0.121913870107937
108,25.64737841419752,0.0007271695170962377,0.0006071127293530756,0.201097964339334,0.04044039126142404,0.0006896629918767676,0.22443849984933312,0.050372640214619104,0.001020925773547345,0.2311534338369924,0.05343190997463283,0.0012542842651258133,0.25046460132339926,0.06273251651608934,0.0018259224675897757,0.2452781979828457,0.06016139440571206,0.002245454081881508,0.2891540360583767,0.083610056568849,0.0004343569261611394,0.12887829788928037,0.016609615666838086,0.0006610015988957644,0.20276252960578445,0.04111264341213662
109,25.88707353956385,0.0011262994947271892,0.0004969390651844731,0.14841667610327752,0.022027509745545192,5.549409176616548e-05,0.01628352443306102,0.00026515316796209526,-0.0002766556995956221,-0.06636636228325761,0.0044044940427125975,0.0002232123594135815,0.04722487628133593,0.0022301889397874854,-0.001017286679103825,-0.1421586703556432,0.02020908755728443,-3.3191901782590856e-05,-0.004446421175717923,1.9770661271872758e-05,0.00030251680664904895,0.08627986446888274,0.007444215012768774,6.691040545388517e-05,0.019729031151297902,0.000389234670168883
110,26.126768664930182,0.0004984565927451485,0.0005934829511932186,0.18372728507033598,0.03375571527931649,0.0007661468891817702,0.23302340943297126,0.05429990934376616,0.0007340835301519329,0.1719750713766943,0.0295754251750191,0.000748161338409802,0.15458219835303752,0.023895656047657837,0.00046045279951423105,0.07101859971428545,0.005043641505377905,0.00011167029422545801,0.016510989967912403,0.00027261278972050404,0.0006230169426392374,0.17786379340339753,0.031635529003846474,0.0006877831406296093,0.20299781779258383,0.041208114028551075
111,26.366463790296514,-4.750904291649166e-05,0.00029701792119251507,0.08882745909801985,0.007890317489810391,0.0006342522158998699,0.1863582734399333,0.03472940607951294,0.0013699988423989749,0.30007719237095093,0.09004632138123268,0.0009881495293351998,0.19088845145131936,0.0364384008974827,0.0016811247158847195,0.22585664021237187,0.05101122192802078,0.0008472847850805623,0.10912161975606023,0.011907527898186191,0.0007541464267571745,0.19260962375513854,0.037098467163096026,0.000704698742425117,0.18607068302420596,0.03462229908109453
112,26.606158915662846,0.00029262879862021257,0.0008079942327612938,0.2261310707727406,0.05113526116882622,0.0007081053806546042,0.19470269933049988,0.03790914112658304,-0.0002678174608825529,-0.06027212505754757,0.0036327290589526526,-0.00044456225333072924,-0.08823774482882518,0.007785899612476865,-0.001096272384271558,-0.15634141876655167,0.024442639221938272,-0.0009724122589061832,-0.13293963002695106,0.017672945231702628,-3.558164162948403e-05,-0.008981950663426405,8.067543772022603e-05,-0.00010252069665640505,-0.02675521115088048,0.000715841323728199
113,26.845854041029177,0.0008133903513776456,0.0006530402545654514,0.2019122946337071,0.04076857472424894,0.00035437786784914017,0.10764937240050186,0.011588387378221933,-0.0009759172792709501,-0.19169935814636224,0.03674864391372726,-0.00046926888339137156,-0.08129682934882024,0.006609174462171201,-0.00011660294572455209,-0.016070850202899535,0.00025827222624403597,0.00034112770068389284,0.045070749877823675,0.002031372494549343,0.0005438165936117707,0.1400556595259563,0.019615587765250592,0.0003778826097063727,0.10061373329295144,0.010123123327145166
114,27.08554916639551,-0.00039316477173285236,-0.0004434181969951899,-0.14132299704799633,0.019972189494627982,-0.00025779970636236304,-0.08072421778600669,0.00651639933716264,-0.00014246505040642595,-0.03764950492962514,0.001417485221445868,-0.00031961657744507586,-0.07449453773467167,0.00554943615230242,0.00010062696776614277,0.015942818521760282,0.0002541734624177828,-0.0005046559209511191,-0.07664689310861963,0.005874746223204162,-0.0006018188285599481,-0.17220983163601955,0.0296562261121062,-0.000540430749416972,-0.15987640451872012,0.02556046472183343
115,27.32524429176184,-0.0005103782437213085,-9.325176002842743e-05,-0.030742134199085704,0.0009450788151145947,-2.5517832335253864e-05,-0.008264999964539794,6.831022441384278e-05,-4.5251487538384214e-05,-0.011508608082049879,0.0001324480599862238,-0.00031232196965223845,-0.07005460271897902,0.004907647362113984,-0.00010328665259794147,-0.014958532980291902,0.00022375770892248047,-0.00023868893225056781,-0.033137943127293276,0.0010981232747077237,-8.00578473358433e-05,-0.02290064110888742,0.0005244393631980644,-0.0002866040374678779,-0.08475750943988848,0.007183835406452785
116,27.564939417128173,-0.0004396659867455776,-0.0002549386608157151,-0.07424020141123763,0.005511607505581131,-0.0002733036830665341,-0.07819356707039005,0.006114233931191589,0.000650098625068822,0.1453744393770799,0.021133727624200273,-0.0003691410380471574,-0.07280233918666361,0.005300180591050015,0.0010794962271811483,0.146914023878063,0.02158373041204406,-9.4222308825381e-05,-0.01229261650377048,0.0001511084205087704,0.00012880201039347397,0.03320000728901046,0.0011022404839903476,-0.0003558022666368328,-0.09481485776287846,0.00898985725259487
117,27.804634542494505,-0.00010347352750668402,-0.000216498691713731,-0.06473200932060265,0.004190233030682589,-0.0008538594274772157,-0.25082584808696784,0.06291360606854665,-0.00012835596342901075,-0.030482282582225555,0.0009291695514226516,-0.0006164918821381175,-0.12912281794305258,0.0166727021135547,-0.00044268578173040915,-0.06137852584990317,0.003767323435507231,-0.000849325067590654,-0.11288683279264584,0.012743437017954782,-1.640895257578397e-05,-0.0046341230441124545,2.1475096387974083e-05,-0.0005050500474738195,-0.14745967331596266,0.02174435525445043
118,28.044329667860836,6.383484663262628e-05,-0.0004172914157571862,-0.12395002756706952,0.015363609333877296,-0.000651161414240364,-0.19002814742011087,0.03611069681191939,-0.0003771310203847012,-0.08237464930668562,0.00678558284839944,-0.0005680532513116378,-0.10942953949040896,0.011974824113082972,-0.0008443876579495376,-0.11659746456008482,0.013594968741840236,-0.0007604012766484314,-0.10065573701462739,0.010131577393957827,-0.0007781410508024693,-0.18863749485927878,0.03558410446678443,-0.0009604172726985964,-0.24070316749418055,0.057938014841731535
119,28.284024793227168,-0.000767946659487328,0.0003272691610896183,0.09971412153460758,0.009942906033418492,0.0009038158317310871,0.27055379404375274,0.07319935547146939,-0.00043699872488144607,-0.09142023734046721,0.008357659795387355,0.00039834134059895955,0.0734956701907897,0.005401613536793333,-2.266633201751142e-05,-0.002913385382312206,8.487814385870438e-06,0.001140797454898914,0.1405638682834935,0.019758201066819303,0.0007721545306810436,0.1941907712523295,0.03771005563957456,0.0013716177648297207,0.3566232175468683,0.12718011929348097
120,28.523719918593503,0.001920206856756181,0.0006488035114251082,0.17814966408864155,0.03173730281489581,0.0012194143629179084,0.32896161264907886,0.10821574259668258,0.0010053655707523358,0.22489044442970232,0.05057571199578903,0.0017902200038465033,0.353181217184055,0.12473697217161064,0.0014496265622460586,0.20735215188451947,0.04299491489114084,0.0021312852005552487,0.29224187375545885,0.08540531277610156,0.0012872832579835492,0.3065360667856413,0.09396436024041116,0.0017541923634373778,0.4318538798994663,0.18649777358422262
121,28.763415043959835,0.0020220572652181294,0.0014489374808661065,0.40838708880242447,0.16678001430051934,0.0012709653444325942,0.35194772731177876,0.1238672027599262,0.0004553126625121718,0.11630713909588102,0.013527350604668614,0.0004042355367793259,0.09106999945996812,0.008293744801638593,0.0006656957402423985,0.09729513493938566,0.009466343282873263,0.0008421342221240253,0.11798998040800936,0.013921635476682433,0.001088985264892541,0.29555892381188614,0.08735507744484032,0.0007241506341581401,0.20319037818589405,0.04128632978732665
122,29.003110169326167,0.0008042006366985363,0.0004015855684700551,0.11678231044732693,0.013638108033415842,-7.612693365319978e-05,-0.021750007075286824,0.00047306280777502683,0.0005459156041616559,0.12002352033233264,0.014405645432965868,0.0001588050410687854,0.030792810980073405,0.0009481972080545295,-6.654619053936449e-06,-0.0009049347139967742,8.189068365964236e-07,-0.0008415659896146007,-0.10970607845298284,0.012035423649532025,-0.00032277300422622055,-0.08294927354449595,0.006880581981559615,-0.0007218349401771597,-0.19178093544906707,0.036779927201719236
123,29.2428052946925,-0.0004381391968331083,-0.00015670839499182544,-0.043531300049839024,0.0018949740840291153,-0.00047545534150604773,-0.12976011014071898,0.016837686183731524,-0.0008407444038272846,-0.1813271441988901,0.032879533223325076,-0.0007004652920155125,-0.1332384760016842,0.017752491487251377,-0.0013379567514388818,-0.174696308466276,0.030518800191744265,-0.001083502855329725,-0.13561888785525955,0.018392482743097467,-0.0007926529616675472,-0.20752057180082978,0.04306478772054334,-0.0006693065716853363,-0.18115707841937434,0.03281788706144335
124,29.48250042005883,-0.0006342406040745341,-0.0003625597317091282,-0.09857233033219089,0.009716504307118557,0.000104429148182612,0.02789454567086339,0.0007781056781838835,-0.00035610088556278454,-0.08445805966181899,0.007133163841839375,0.0001146864026182017,0.02398966456957969,0.0005755040061609472,-0.0003159335613901705,-0.044879885065242216,0.0020142040834693516,-0.00021208215924995358,-0.028880757184134135,0.0008340981355289154,-0.00035623218106802256,-0.09097538817040293,0.00827652125275549,0.0002580081379991832,0.06812026394281377,0.004640370359638614
125,29.722195545425162,-0.0004713851755598046,-0.00013138153155210796,-0.03657832914527702,0.0013379741630602222,0.0005004783437216327,0.13689794625299953,0.018741047688289145,0.00012459573583677736,0.026387008357386832,0.0006962742100528025,0.000848560885631788,0.1584944954243825,0.0251205050798296,0.0006240832817826404,0.0848436549387777,0.007198445783370377,0.001687298272835585,0.21989590824407362,0.04835421046248605,-0.00016959688900278878,-0.03931746169919208,0.001545862794467436,0.0005593760753191586,0.13406753626905557,0.01797410428125453
126,29.961890670791494,-0.00022707743414454473,0.00023712950460596193,0.0661076081786949,0.004370215859107849,0.0007118523552906216,0.19497452746738073,0.0380150663611284,0.00013762990905236564,0.029362085178351073,0.0008621320460207436,3.6513955465844946e-05,0.006870322946774161,4.720133739297158e-05,0.0005733334438881845,0.07895831325307785,0.006234415231771171,-0.00020872685557952393,-0.027556076562915605,0.0007593373555412667,-0.00013301758514276335,-0.03363477028181346,0.0011312977719103623,0.0002794726412893943,0.0730585176635827,0.005337547003200026
127,30.201585796157826,0.0007350501797403336,0.0006806613805070914,0.1998895575901281,0.039955835233577146,0.0004970548586753848,0.14341197598301958,0.020566994855354185,4.056040335875192e-05,0.0093953846205971,8.82732521689525e-05,-0.0002523482376646538,-0.05155333599910191,0.0026577464526362977,0.00027761787636589237,0.038906586151468255,0.0015137224459616215,0.00031423509532034483,0.04221617205001594,0.0017822051825565465,0.00011776589885182283,0.030771602289788133,0.0009468915074808941,-0.0004552137298457177,-0.12296968544659313,0.015121543538834057
128,30.441280921524157,2.4117290294855072e-05,-0.0002632135802131619,-0.07402634409542444,0.005479899620134183,-0.0003427012219618115,-0.09469253909972541,0.008966676961153027,-0.0004571454229117468,-0.09530190120831086,0.009082452373918644,-0.0009992530544843665,-0.18372441465966338,0.03375466054203593,-0.0007762409338986641,-0.11134970020989972,0.012398755736834544,-0.0017194760991653328,-0.23644880345877325,0.055908036657085575,-0.0002037506644482754,-0.05217801762114333,0.0027225455228723446,-0.0005122437220759021,-0.13561800019295417,0.01839224197633612
129,30.68097604689049,0.0004047492573775319,0.0005795001600797584,0.1825657607300179,0.03333025699093013,0.0007268193855951336,0.22496469798224988,0.050609115338244914,0.0002982125852133823,0.07252734598832972,0.0052602159161108854,0.00023837031104590156,0.05112957469208948,0.0026142334081939575,0.001025596044393302,0.15761484878877802,0.024842440558709364,0.0007032834713674754,0.10360952176998955,0.01073493300140594,0.0006234367602714671,0.16964481252856,0.02877936241785027,0.0009564274821358267,0.26906200525576063,0.07239436267225097
130,30.92067117225682,-0.0015245343371835178,0.00012719282450602263,0.03748091688979608,0.001404819130899801,0.0002343331122593075,0.06784273618001314,0.004602636852390864,0.0005713885322425333,0.1523281657188141,0.023203870071258494,0.0006393151926782645,0.1503169367715778,0.02259518148039052,0.0006927823357160177,0.10651949644887147,0.011346403123721142,0.0005250711846219265,0.07739251325930845,0.005989601108592234,4.4774630247599045e-05,0.011684102104690402,0.0001365182419928307,0.00034704156668931285,0.09362611025948886,0.008765848522321965
131,31.160366297623153,0.0010822438045211874,0.0004935782039543587,0.16763431549590926,0.028101263731782043,0.00036599033522535606,0.12212333872653057,0.014914109861714918,-4.5364094078550514e-05,-0.010759730484990212,0.00011577180010962771,-0.00024892270571113027,-0.052071233149762024,0.0027114133217368756,-0.0001403076257768839,-0.019544782960400207,0.0003819985409691502,-0.0003071461459902121,-0.0410150374544238,0.0016822332973877873,0.000613760148264606,0.1748489019615743,0.030572138517168217,0.00045443932443179453,0.13384195723930806,0.01791366951764877
132,31.400061422989484,-0.0012935462508975194,-7.184719894057509e-05,-0.023704206373247803,0.0005618893997855217,-7.375767336746643e-05,-0.023908090265581012,0.0005715967801471695,-0.0001688653523428503,-0.04384863774445828,0.0019227030320447312,7.755144278182496e-06,0.0017760272956860042,3.154272955021741e-06,0.00020827393383175954,0.03220431318923614,0.0010371177879904088,0.0006270589093530321,0.09294711843592048,0.00863916682554103,-0.0002582953529831083,-0.07193622372958683,0.005174820284473171,-0.00019987098413400852,-0.05754835899026347,0.0033118136224722385
133,31.639756548355816,-0.0010408361285900237,-0.00020907060194627348,-0.05961398266628832,0.0035538269293365243,-0.0003813748474918127,-0.10683887692004744,0.011414545621537042,-0.0009777385792445815,-0.2314399900008764,0.053564468971605765,-0.0009777634086781501,-0.20412379298180947,0.04166652286128061,-0.0006102228290672049,-0.09191445645561823,0.00844826730553174,7.336079900521628e-05,0.010592729716331468,0.00011220592284325177,-0.00033835565457286616,-0.09338973093330506,0.008721641843795116,-0.0006846932276782909,-0.1953771938950086,0.03817224789428778
134,31.879451673722148,-0.000927025835135174,-0.0007704165100402057,-0.1916273300331171,0.036721033615621186,-0.0011777525806989364,-0.2878114263278834,0.08283541712489068,-0.0005899087010380985,-0.10301030655271072,0.010611123256083436,-0.000861395628084386,-0.1326608391184066,0.01759889823559975,0.00019701654710527504,0.01994326054265731,0.00039773364107231193,-0.0009501405717690767,-0.09219975961019203,0.008500795672177194,-0.00037298094217233713,-0.07784945739401056,0.006060538016541865,-0.0008110273330912929,-0.1750074711514245,0.030627614958816683
135,32.11914679908848,0.0007931096047371645,-5.922428825788568e-05,-0.016715861156601272,0.0002794200142067712,-0.0006569866967444811,-0.18218288723084874,0.03319060439976815,0.0009428583557594005,0.21815528868775602,0.04759172998243817,0.0006569468244899653,0.13405830025495502,0.017971627867247677,0.0006520200313110273,0.09335359695754529,0.008714894064911808,-7.335301429146154e-05,-0.010067845650259533,0.00010136151603744979,0.0001470095449491307,0.03889188756236017,0.001512578918163266,-0.00026171903345731493,-0.07158152493158251,0.005123914711530769
136,32.358841924454815,0.0009981431403930238,0.0010366678775936668,0.3285560383192491,0.1079490703160399,0.0005710493778067129,0.17781384539744527,0.031617763615026565,0.0012707489343113164,0.31965289675592756,0.10217797440445567,0.0007760328470971385,0.1721643365994625,0.02964055879673303,0.0015065221731993558,0.2203813649263021,0.048567946006779925,0.0005155581723198027,0.07229786654843953,0.005226981507455971,0.0007735028011118163,0.21078542418455687,0.04443049504866358,0.0002448969756134526,0.06899446593268894,0.004760236329336975
137,32.59853704982115,0.0007165498008659434,0.0006307786893675505,0.1993525272238777,0.039741430110546906,0.00022973295031349924,0.0713329398538742,0.005088388308196435,0.0009102162124651921,0.20687020973613438,0.04279528367627222,0.0006288325555407998,0.12604702646087448,0.015887852879628392,0.0007251621196203546,0.10409193401777249,0.010835130727560302,0.0003355884751740028,0.04617825012386153,0.0021324307845019173,0.0004176717066468457,0.11437075119493352,0.013080668728893387,-5.42071948355848e-05,-0.015345781153364456,0.00023549299920695574
138,32.83823217518748,-0.00020236151357862288,0.0005185915431844924,0.1622238721307305,0.026316584689087593,0.0008722648390934173,0.2680771509734498,0.07186535887404179,0.00044932389286629523,0.110058925628812,0.012112967110568371,0.0007599787759816828,0.16417666112635962,0.026953976058599522,0.0004076551537226528,0.06094266502249623,0.0037140084200441843,0.0005850900571663207,0.0838493477443445,0.007030713117152011,0.0008494951478924562,0.22825349755886812,0.05209965914785621,0.0012743177025555017,0.35398625966325703,0.12530627203038283
139,33.07792730055381,-4.868600819463818e-05,0.0007231748455608883,0.201526294739324,0.04061284747136089,0.001384038489652242,0.37892972632564503,0.14358773749322823,0.00019814946928542321,0.04940949813634059,0.002441298506085044,0.0005216441133393731,0.11471918135419266,0.013160490570576147,0.00010731021890843108,0.015247268943738736,0.00023247921024269975,0.0005278827959061681,0.07190133501760558,0.0051698019773139545,0.000891312724380493,0.23017487596466943,0.05298047352535095,0.001323940635237754,0.3534666740131522,0.12493868963791999
140,33.31762242592014,0.00016871882394571875,-0.00021714002846707982,-0.07026204540759684,0.004936755024859201,-3.3502098857885486e-05,-0.010650623034158558,0.00011343577101574882,0.0006444075633118856,0.1413168328398147,0.01997044724387613,0.00025922331195031475,0.05013621230584826,0.002513639784377091,0.000667139764833882,0.09666828937354784,0.009344758170407984,-5.416724854787588e-05,-0.007524063424258542,5.661153041226516e-05,-0.0004478976811204576,-0.12553042293439756,0.015757887082088723,-0.00012170200380664351,-0.035263064949080936,0.0012434837496031006
141,33.557317551286474,-0.00042509924473495807,-0.0006093680098313742,-0.17040700559285527,0.029038547555123407,-8.34062424235247e-05,-0.022915453144539653,0.0005251179928195923,0.0011909586676848401,0.2521020786330592,0.06355545805110917,0.0015707921896817463,0.2932531388951223,0.08599740347184189,0.001424517501075624,0.1944835095314445,0.037823835479667466,0.0014762069755793652,0.19320159738854728,0.037326857233486326,-5.1356894854849415e-05,-0.012106624810674198,0.00014657036430643205,0.0007091798819635105,0.17283547330889568,0.029872100833909985
142,33.797012676652805,0.0002548075253793535,-0.00022811776240564657,-0.07128316140756656,0.005081289100257187,-0.00010353126792384181,-0.03178494629784224,0.001010282811156715,-0.0002044536698972082,-0.04686313293063717,0.00219615322807457,0.0003269215053715105,0.06608822652858436,0.004367653685693482,0.0003898343427819308,0.05484254068719647,0.0030077042690268003,0.0009287420480518927,0.12525095455146926,0.015687801616054216,-6.869817676147904e-05,-0.01914173884111214,0.00036640616586134116,-8.446310220288471e-05,-0.02433074202751001,0.0005919850076092422
143,34.03670780201914,0.0014621552392557028,0.0008495697586460096,0.24695351261588805,0.06098603739332557,0.0006419067348864036,0.18332014629824825,0.033606276038811146,0.00033097061057313744,0.0854845999714491,0.007307616832278674,0.0007066895225842778,0.16097977062491164,0.025914486550449166,0.0004443203479259863,0.06443060846298146,0.0041513033069100185,0.00046194107373011105,0.06421419989262853,0.004123463467850454,0.0009539036142856103,0.2567263926815863,0.06590844069930005,0.000849919827971028,0.23648093585304594,0.05592323302193243
144,34.27640292738547,0.00034198751445354745,0.0007991831797367551,0.22766627641271575,0.05183193341563108,0.000536369522301166,0.15012000210784054,0.022536015032858046,0.0003274617052857861,0.08001127995995799,0.006401804920830776,0.0007259509489626735,0.1564379712844261,0.02447283885958692,0.0002942266792909834,0.04271301401159013,0.0018244015659542947,0.00046701780705340513,0.06499202578843451,0.0042239634160845365,0.0006885040461287004,0.18907821655160734,0.03575057197433653,0.0005063519354824375,0.14376051665771214,0.020667086149692333
145,34.5160980527518,-0.0006293823310774954,6.388182257675304e-05,0.020229736036458078,0.0004092422201047705,0.0002026850624915777,0.06306040574077193,0.003976614772190782,-0.0006122811312568161,-0.13622963154977447,0.018558512512187313,-0.0010102484305749514,-0.19824082193193276,0.03929942348024827,-0.0003870646532115629,-0.05410886143190419,0.0029277688854570084,-0.0009949615155651502,-0.13333360791891505,0.017777851000674964,-0.0004867616373999358,-0.14492430699198786,0.021003054757107942,-0.00034808877006331236,-0.10714380156932306,0.011479794214726474
146,34.75579317811813,-0.0009525177375834186,-0.0007856024946018789,-0.2188780950918758,0.04790762051104822,-0.0015607137369750262,-0.4272133340226373,0.18251123276673742,-0.0001462144470153647,-0.03642799396469043,0.001326998744291523,-0.0008790490684229074,-0.19315336877075584,0.037308223867491594,-0.00054061365021047,-0.07530667227302747,0.005671094888837164,-0.0011252854400989,-0.15026492375159392,0.022579547310072338,-0.0007478695941087625,-0.17895331769164222,0.03202428991284583,-0.0016780670172269782,-0.41512159771477336,0.17232594088926612
147,34.995488303484464,-0.0005036737186919641,-0.0002244447929874482,-0.055488402979455856,0.003078962865210486,-0.000687044704252142,-0.1668782694030487,0.027848356798956496,-0.0004573205622762152,-0.09345103648424465,0.008733096219979624,-0.0011535690195722428,-0.20789841437425713,0.04322175069933032,-0.0002861461576616593,-0.033247687978547144,0.0011054087559188284,-0.001252206283360033,-0.13947548366526016,0.01945341054365825,-0.0006577398030975826,-0.13154268884758288,0.01730347898925201,-0.0008527544246623999,-0.1763147812325586,0.03108690208108499
148,35.235183428850796,-0.0005678014640725423,0.0001078279811056003,0.03370497049626612,0.0011360250361541699,-0.00027933108228648493,-0.08578351573945167,0.007358811572620752,2.6750032410242607e-05,0.006369933066178317,4.057604726759189e-05,0.00018030073440914658,0.037866245932911075,0.0014338525810517044,-0.00026055016453428834,-0.03759930057822006,0.0014137074039713387,0.00010488103127881315,0.014508878019438773,0.00021050754138295352,0.00025556546599285446,0.07307523360999679,0.005339989767155605,0.00015802583676575326,0.04671413301047073,0.002182210222919951
149,35.47487855421713,0.00033554241547133136,0.0004229418817829292,0.11746714044359513,0.013798529083995306,-0.00021871531961787746,-0.05968112579842497,0.0035618367765674268,2.2208480993261118e-05,0.005813120375268559,3.379236849736248e-05,9.958769207861461e-05,0.02299007183726181,0.0005285434030824585,-0.00011653752591582199,-0.016699889753070095,0.0002788863177646956,-0.00010041527245906924,-0.013794185030782252,0.00019027954066345721,0.0006291940868032009,0.16572698374939354,0.02746543314267175,0.0001224045540144426,0.033331765652939625,0.0011110066015424854
150,35.71457367958346,-0.00020000143487138578,0.0005015047463054489,0.156076674960558,0.02435992846674367,0.00029495053993417673,0.0901849880483239,0.008133332069276324,0.0008056017085041118,0.18678668043655353,0.03488926398850717,9.916794747779396e-05,0.02027874382855273,0.00041122745126406535,0.001184907542692732,0.16032182367442308,0.025703087146292804,0.0003451311789014263,0.04476523215733729,0.002003926010100305,0.00039239878206797523,0.10128732491842456,0.010259122189130507,0.00018535156176898018,0.04946247574633975,0.0024465365069572488
151,35.95426880494979,0.0007582760898722117,0.0008381931023009911,0.23941126025844553,0.05731775153853715,0.00013135200389550507,0.03686033625581991,0.0013586843888921114,0.00045310401972798814,0.11048003297846343,0.012205837686922365,0.0003919754300003742,0.08429249804230274,0.007105225226211612,0.0001692669211812155,0.02584959523984111,0.0006682015740636161,0.0005902533590432715,0.08641091134730626,0.007466845599872022,0.000944082943645481,0.2557469997128762,0.0654065278621379,0.00028741857547093306,0.08049471715769033,0.006479399490296565
152,36.19396393031612,0.0005643298790392902,0.0006518150114328845,0.18748353820810099,0.03515007709902847,0.0001319176454042658,0.03727895876713233,0.0013897207667615524,3.2551536788846385e-05,0.007454051244214504,5.55628799513758e-05,-0.0001140747903638021,-0.0230385295089402,0.0005307738419343084,-0.0009299036045525295,-0.13022883564157553,0.016959549632560494,-0.0007493168757452798,-0.10059657765058576,0.010119671435010328,0.0006492321787827698,0.16028842968376286,0.02569238069048659,6.9832438710706e-05,0.017824259485223322,0.0003177042261965736
153,36.433659055682455,-5.9508465233782664e-05,0.0004496824711618136,0.12225494102419567,0.014946270604829559,-0.0003133030551633434,-0.0836849173053469,0.00700316538440275,-3.96187656381932e-05,-0.009611998848783769,9.239052186902047e-05,-0.0001735982952714024,-0.037145176375633596,0.0013797641279769282,1.3224732004915778e-05,0.001999600862552661,3.998403609521347e-06,-0.0004705971641330729,-0.06821096711423198,0.004652736034658837,0.0002819341359657987,0.07492225487292216,0.005613344275243107,-0.00039024002526356617,-0.10721292340942669,0.011494610945995593
154,36.673354181048786,0.0003761481477033078,0.0004661567337722821,0.14294028548956902,0.020431925215839503,0.00015537877858564248,0.046809767717487225,0.0021911543537651095,-0.0002449951734789581,-0.062251990755012906,0.003875310352962212,-0.0002866260565290969,-0.06423261208263827,0.004125828454958687,0.00011058832499109651,0.015942291742643337,0.0002541566660075539,0.0003419127686115858,0.04725037481042414,0.0022325979197255637,0.00025202661111677896,0.07065899220384197,0.004992693179262601,-0.000214591509713098,-0.06219933255897439,0.0038687569707818916
155,36.91304930641512,-0.00019910933590987594,0.00036409487646600175,0.11497974361539727,0.01322034144186249,0.0007673854469000421,0.23809069726161233,0.05668718012252073,0.0004554697738832294,0.12540528442215487,0.01572648536100156,0.00027358753026517654,0.06643497474391528,0.004413605869224662,0.0007137424033472543,0.11058191258871126,0.012228359391777374,1.6049560543581895e-07,2.383714341994729e-05,5.682094064231363e-10,0.00038018835405108446,0.10834799705944162,0.01173928846679277,0.0008586905858207893,0.25299441243290816,0.06400617272227244
156,37.15274443178145,0.0005339082740125976,-8.43647948112645e-05,-0.024983182533343893,0.0006241594094943795,0.0004020656853158837,0.11697838350945684,0.013683942208485567,0.0005687877773407032,0.14638779962260917,0.02142938787834918,0.0011562914163447946,0.2624618154123707,0.06888620454955735,0.0009545475021049283,0.1427638050906897,0.02038150404397243,0.001914255606187178,0.27445361959443615,0.07532478930848749,-0.0003623965118964386,-0.095650279134889,0.009148975898582183,0.0003132002440391794,0.08546267353453611,0.007303868567670698
157,37.39243955714778,-0.002096593234514373,-0.0011854075071587686,-0.34265419002709563,0.11741189394312497,-0.0007214776272120627,-0.20489593465072664,0.04198234403639484,0.000267039713595571,0.06450008598371142,0.004160261091906166,0.0005688744803889676,0.12118394630845242,0.014685548842889877,0.00010067796412762833,0.0138012696615621,0.00019047504427115443,0.0007022690121795779,0.09228616268967901,0.008516735823985905,-0.0012992808850021647,-0.3175000244219645,0.10080626550794806,-0.0011025577640489006,-0.27854426160226337,0.07758690567155012
158,37.63213468251411,-0.0013518515034768846,-0.0004457152995293969,-0.11992221168860347,0.014381336856286222,7.509377103899405e-05,0.019850346936837838,0.0003940362735128274,-0.0012325163069306939,-0.28530741623027633,0.08140032175599612,-0.0013143770113821349,-0.26833945945804644,0.07200606550223652,-0.0015048558439415191,-0.21900246717597116,0.04796208062916234,-0.0017818876986106617,-0.24858957041628357,0.061796774519752413,-0.0005023887706990914,-0.13654862887804217,0.018645528048473296,-0.00022771604473279298,-0.0639872140837397,0.004094363566198335
159,37.871829807880445,-0.001960114960739445,-0.00163746079176248,-0.4250401078985216,0.18065909332238686,-0.000871638415193832,-0.22228874071855878,0.049412284250242654,0.00042094386269749315,0.1037317792759594,0.010760282031756364,-0.00022955528816491095,-0.049890648180771706,0.0024890767758975396,0.000471499265545855,0.06898302904759197,0.004758658296580918,-0.0004507265233388024,-0.06321538989416813,0.003996185519471694,-0.0010846097996668337,-0.28611784674293733,0.08186342222481499,-0.00060943259330149,-0.16620697725761244,0.0276247592891125
160,38.11152493324678,-0.00021430781160875279,-0.000772694967101351,-0.18627682012877575,0.03469905371728827,-0.0013568342929872498,-0.3213657900277607,0.10327597100016682,-0.0010939569297227574,-0.21657275238896603,0.04690375707733239,-0.0012306486354787657,-0.21487300917109273,0.0461704100702405,-0.0018807216621093217,-0.2148220564177088,0.046148515923533265,-0.0013745940750410684,-0.1505141312941994,0.022654503719247498,-0.0011215658433009238,-0.23804121501473477,0.05666362004569119,-0.0017231238441342478,-0.378090726922811,0.14295259778501962
161,38.35122005861311,-0.000617288742747348,-0.000877792202578525,-0.24121485537874068,0.058184606455386784,-0.0014549472863028818,-0.3928092359036215,0.15429909581118692,-0.0010877355057562238,-0.26074930748008357,0.06799020135134316,-0.0015675251490120902,-0.33140463271285586,0.10982903058354289,-0.0016000555334626315,-0.21634608611656056,0.046805628977954226,-0.002454502580427743,-0.3181456179127752,0.10121663419710152,-0.001184558956083001,-0.2787564479691382,0.07770515728437082,-0.0017569047920954048,-0.42743356092977236,0.18269944900910537
162,38.59091518397944,-0.00042249295687237464,-0.0007234966648808368,-0.2056152145041517,0.042277616435588326,-0.001352423465010045,-0.3776187156485234,0.14259589440804038,-0.0005733988652273233,-0.12987681616037922,0.016867987375956947,-0.0009729747830521501,-0.19436613034037653,0.037778192623492246,-0.000648534786948573,-0.08963808132816556,0.00803498562419482,-0.0014970332844930511,-0.1983531939651939,0.03934398955619385,-0.001010584034519942,-0.26440320295991865,0.06990905373546392,-0.001393164734439063,-0.37683297728678433,0.14200309277082207
163,38.83061030934577,-1.5568577479892367e-05,-0.00033141070979094626,-0.07979100346255762,0.0063666042335618804,-0.0011170353720812757,-0.2642265252270147,0.06981565663354222,-0.0006818354055690843,-0.14676347991048558,0.021539519035435505,-0.0006860873610116631,-0.13024530281523355,0.01696383890543189,-0.0007236125716330165,-0.08680452901314253,0.007535026257193504,-0.0007381780818240382,-0.08488792021869704,0.007205958999055871,-0.00042389229607631254,-0.09316970825085855,0.008680594535550099,-0.0005083580729670371,-0.11551571930161379,0.013343881405769227
164,39.070305434712104,-9.954395529177782e-05,-0.00024203605532615693,-0.06792020463724377,0.00461315419796507,-0.0007054927482743311,-0.19450625555385234,0.03783268344958051,-0.0007769524636687285,-0.1947822711557076,0.0379401331565756,-0.0004483006565151726,-0.09912165650057952,0.009825102787418879,-0.0012588747540206563,-0.16722188009826594,0.027963157183598826,-0.0006013577724793334,-0.0765758757575637,0.00586386474803783,-0.00046899328478033675,-0.12081605015366743,0.014596517974733486,-0.0005383151314905494,-0.14336619086814253,0.020553864684040676
165,39.310000560078436,-4.32162638724689e-07,-2.1099359136391713e-05,-0.006011418689527488,3.6137154660800385e-05,-0.0005757255506877275,-0.1611555684796972,0.025971117252014373,-0.0005174286213264625,-0.1512347675667335,0.022871954920963913,-0.0007126179427966263,-0.1836970354602149,0.033744600836871454,-0.0005395729183591239,-0.07391085676671681,0.005462814747990129,-0.0010402445679351985,-0.13659726858115476,0.018658813783832124,0.00015679204727891424,0.043399721225036915,0.0018835358024109202,-0.00048573589360175276,-0.13900014589746704,0.019321040559517128
166,39.549695685444775,0.0010193875747188208,0.0002253279702978142,0.06373914129704661,0.004062678133284872,-0.00037729506295631896,-0.10485625093575245,0.010994833360301486,0.00019121771381352896,0.04688631759198696,0.0021983267773366664,-0.00018765195693207326,-0.04058030440452853,0.0016467611055641978,-0.0001658868471750906,-0.023450125199896026,0.0005499083718907985,-0.0005090016807289209,-0.0689764589144431,0.0047577518843758574,0.00025828148620109,0.07267700393020578,0.005281946900271145,-0.0002774015990487745,-0.08069838604622576,0.006512229510465684
167,39.789390810811106,-0.00120513264091631,-0.0006554108969622081,-0.18952931652847144,0.035921361823749505,-0.0001226051453467809,-0.03483321296921969,0.0012133527257590152,-0.001051896203285815,-0.24127839124765416,0.05821526208305607,-0.0008439025994757703,-0.1707190811928443,0.029145004683328965,-0.0010792045700769976,-0.16795855874096438,0.02821007745434198,-0.0008673502793940112,-0.129402108290389,0.016744905629997562,-0.000686015037921362,-0.16755484284756333,0.028074625361671646,0.0001227911375285408,0.031005770042366262,0.0009613577759200972
168,40.02908593617744,-0.0012447557338172719,-0.00022484800552549595,-0.0610210367621346,0.0037235669275257825,0.00028510517435768965,0.07601822797014443,0.0057787709837208495,8.528168108216343e-05,0.019089366232645823,0.0003644039031640785,0.00014890490736171354,0.029396049317648314,0.0008641277154856119,0.0007729674340578045,0.1000110911310982,0.010002218349232829,0.00077623139253695,0.09627790622148476,0.009269435226393011,0.00024857995973942776,0.06215080755486727,0.0038627228797221474,0.0006036045641605648,0.15602181574652207,0.02434280698884168
169,40.26878106154377,-0.000289006634939643,0.0001115714678544093,0.033063183931767944,0.0010931741317059176,-0.00022076503944627434,-0.06427527232769051,0.004131310632798779,0.0010109431314340952,0.2209156303052116,0.04880371571314893,0.001109377068303149,0.21380758199158778,0.04571368211708953,0.0012523698099836083,0.17735507703888434,0.03145482335146861,0.0014069557348985625,0.19100288865476178,0.03648210347446333,0.00044062934409735006,0.11259281467141646,0.012677141915631936,0.0001270326446097234,0.033558670706488325,0.0011261843795865177
170,40.5084761869101,0.0018450308813017884,0.0012287297832757442,0.33108156732516947,0.10961500422249071,0.0003063668039381468,0.0811040278382021,0.0065778633315798606,0.0008590151327721256,0.18554040421165122,0.034425241595022915,0.0006948202004351541,0.13235925654988245,0.0175189727944376,0.00047782726346836383,0.06660437480628828,0.004436142743336529,-0.00034273956084112143,-0.04579779114041267,0.002097437673340861,0.0009635412324249057,0.2329272645829251,0.05425511058608398,7.088150669520642e-05,0.017714753487755242,0.0003138124911319365
171,40.74817131227643,0.0013435962348225532,0.001363118338196491,0.3675076704216077,0.13506188781871703,0.0008385895571063173,0.22212855789980632,0.049341096234647615,0.000956486113372838,0.20337641139865406,0.04136196471339458,0.0006940876918197177,0.1301608730817289,0.016941852881397938,0.0007753091626125822,0.10513616305923187,0.011053612782817392,0.00032134786538892554,0.04177352192814296,0.0017450271342810404,0.0009070799498069669,0.23061058788146013,0.05318124324303265,0.00036102502056782057,0.09489058565559862,0.009004223246062497
172,40.987866437642765,0.001417591139609048,0.0009057654561636706,0.25171324492455005,0.06335955767044654,0.0007714787752734694,0.21063784205217514,0.04436830050439709,0.001598691666516163,0.37917379047934613,0.1437727633864751,0.0015352289066314076,0.3211374371937298,0.10312925356735675,0.0016257117044251623,0.2217361479459733,0.04916691930591856,0.0015630094129629485,0.20436335580406037,0.04176438119549698,0.0007426224585909213,0.19827060806800986,0.039311234023658374,0.0004945755554319367,0.1365133288233613,0.018635888946435173
173,41.2275615630091,0.0002580057247460232,-2.9192444970150232e-05,-0.008849660342371442,7.831648817534185e-05,0.0003630020705526646,0.10811534394573284,0.01168892759650411,-5.5751155834081366e-05,-0.015121014044162018,0.00022864506572374503,-0.00029675068566849136,-0.07098440909115845,0.005038786334020939,-0.0011350128471895227,-0.17916265788053273,0.03209925797881682,-0.0011425759301373583,-0.17289413294404482,0.029892381206473043,2.650700584529952e-05,0.007629196599720715,5.820464075719013e-05,0.00034095639988163665,0.10145398948996245,0.010292911983429414
174,41.46725668837543,-0.0010910894967311347,-0.0004138959324841856,-0.1215401553005119,0.01477200935047255,0.00024744155493039124,0.07138769581430769,0.005096203113676124,-0.0004554908010972259,-0.1091549296981182,0.011914798677401127,-0.00036994108892059017,-0.07818807365867743,0.006113374862454769,-0.0005482181036112091,-0.07706655077908742,0.0059392532489856605,-0.00036741005944104744,-0.04951218104430905,0.002451456071764437,-0.00020329470537463118,-0.05901923245242314,0.003483269799273156,0.00018516896270766588,0.05557607001970971,0.0030886995588356764
175,41.70695181374176,0.0010201682272958877,0.0005488218867240542,0.16693682588193107,0.027867903835534166,8.40418843117682e-05,0.025115313880311727,0.000630778991306579,-0.00023645619507360805,-0.05228719121471546,0.0027339503651242166,-0.00017777110637337337,-0.03466969255493705,0.0012019875818538575,-0.00109949001666907,-0.14809701731410402,0.021932726537334028,-0.0006900542073050513,-0.08910184473169325,0.007939138734590772,0.0006720547515040072,0.17607134125696175,0.031001117212025486,-0.00021646247613126826,-0.05862985077205013,0.0034374594015528673
176,41.94664693910809,0.0004922904095465102,0.0007095525158304579,0.2184558481950384,0.047722957610613674,0.0006904135105649481,0.2088384746608297,0.04361350849866202,-0.00047988034639572945,-0.10354646432923426,0.010721870275085385,-0.001162666861032187,-0.2212594374177414,0.048955738646415434,1.7061828199887632e-05,0.0023573017842144707,5.556871701860727e-06,-0.0006467180123524069,-0.08565506387248005,0.007336789966998637,0.00010868648549106142,0.03004337965999725,0.0009026046613947363,-3.479852601140119e-05,-0.00994457526806659,9.889457726224172e-05
177,42.186342064474424,-0.0012232141629538408,-0.0004761370736958014,-0.15346919965930145,0.023552795244066525,-0.00046336461342455965,-0.1467351613042967,0.021531207562997968,0.0006586264586310573,0.1472734781469266,0.02168947736549327,0.0010638058301497882,0.2097934551441609,0.04401329382132505,0.0005438838902986851,0.06905994111099356,0.004769275466253899,0.0007521605054280459,0.09155435343589406,0.008382199633064608,-0.0004749982384550148,-0.12630773524052114,0.015953643981589587,-8.606742353884802e-05,-0.023660771506855752,0.0005598321082996371
178,42.426037189840756,0.00040498426105120105,0.000261004977394344,0.08110286330894884,0.00657767443691004,0.0003986559681036795,0.12170481696773226,0.014812062473149208,0.0003211718745071466,0.07630717548931855,0.005822785031157657,0.0006956521277947229,0.1457686692272999,0.021248504928297964,5.3475816558262594e-05,0.0074777559602241354,5.5916834200667587e-05,0.00011413307557454551,0.01529938062076092,0.00023407104737891479,0.0001800310277894523,0.051147788111691864,0.002616096228718528,0.00039524351085266603,0.11609042336159653,0.013476986396274716
179,42.66573231520709,0.0006740699750196905,0.0008347877488785788,0.24523531884494307,0.060140361608980876,0.0009300170436853157,0.2684231435127256,0.07205098397325328,-0.0003725146392616933,-0.08609722516454932,0.007412732181035105,0.00041548347421730504,0.08469226814300153,0.0071727802832060724,0.0001123161889051755,0.01491570096383441,0.0002224781352425308,0.0015481833631967904,0.19709344080279098,0.03884582440748327,0.0009269226826093205,0.25460873901368514,0.06482560998213882,0.0007718875774087825,0.21919770248963327,0.048047632776733774
180,42.90542744057342,0.0007774314162585387,0.0008771524828534306,0.2521793930010381,0.06359444625437201,0.0008106080669183353,0.22896416639306683,0.052424589492071995,0.0003035909046537107,0.07443179545884816,0.005540092175227809,0.000519514491452332,0.11233409853055683,0.012618949692672849,-4.4862412691529034e-05,-0.006686256191979122,4.470602186477915e-05,0.0004956174981315745,0.07081014503423076,0.0050140766397687945,0.0005770740678743174,0.1582508313392886,0.02504332561957597,0.00022710830968381853,0.06438721143192913,0.0041457129959799445
181,43.14512256593975,0.0007772960468559726,0.0009642611768911475,0.28554929546467533,0.08153840014037246,0.0005906232829821373,0.17183794666023786,0.029528279912406752,0.000799556579025543,0.20015606611822656,0.040062450803923885,0.0005062144551317239,0.11176306340831091,0.012490982342410122,0.0013101467550865,0.1990636690324075,0.03962634432864387,0.0009152255383879422,0.13330568012383132,0.017770404353277234,0.001031266675034279,0.2693510729464785,0.07255000049741918,0.0004685321527457932,0.1265142005523237,0.016005842941393584
182,43.38481769130608,0.0011885693954019057,0.0010962663564302458,0.2880738448552615,0.08298654008969328,0.00024949746146308384,0.06441336297592924,0.0041490813298688135,0.0006626389719032811,0.16076425918079512,0.025845147029949868,0.00016972020921466037,0.036315354389390334,0.0013188049644270118,0.0004924379370236785,0.07313886073384526,0.005349292949444811,0.00032372207856974677,0.04609114256466566,0.0021243934229163352,0.0010796420184404816,0.256024952186787,0.06554877614224656,-0.00012653631300663372,-0.031022003411446345,0.0009623646956597888
183,43.624512816672414,-9.793103105957041e-05,5.7953125203697845e-05,0.015172498775626589,0.00023020471909639036,-0.0008938924114573881,-0.22992574401002647,0.05286584775856422,0.0010121930625098796,0.2213193548397486,0.048982256826682544,0.0008559247197672034,0.1650577070421219,0.02724404665400293,0.0009746773786137844,0.1328415714766141,0.017646883112376374,0.0011084960737196934,0.14482907037019388,0.02097545962429457,2.5113856981450154e-05,0.006491646757443966,4.214147762343276e-05,-0.0005889484500589682,-0.15738773894604702,0.024770900370549045
184,43.864207942038746,0.0005801321114600372,-0.00022969284975682787,-0.06671883090458477,0.004451402397274576,-0.0008987318316263232,-0.2564798053763527,0.06578189056589175,0.0001336961113253273,0.03086262183213558,0.0009525014263534118,0.0003326086893672331,0.06771608350035624,0.004585467964627217,-0.0009791908087531961,-0.14250406018071085,0.020307407167987665,-0.0004539966645519645,-0.06333751761803029,0.004011641138014298,0.00010749588550396292,0.028456498608147206,0.0008097723130354839,-0.0002955888358402122,-0.08089651215485348,0.006544245678820358
185,44.10390306740508,-0.00010013336570077757,0.00022171060376539964,0.06941940898533662,0.004819054343873435,7.370790561737965e-05,0.022674129260846144,0.0005141161377375594,0.000711911237626165,0.16692578514892284,0.02786421774758435,0.0003136890024123208,0.06486957782033152,0.0042080621265880485,0.00048283264859309404,0.0699667301322152,0.0048953433253942314,-0.00012864967489741478,-0.017871133861973074,0.0003193774255125606,0.0004890707829785208,0.1358802865836101,0.018463452282044008,0.0003249625722825203,0.09334052282654463,0.008712453201532697
186,44.34359819277141,-0.00011152008852346828,9.562360906995864e-06,0.0032199175521724402,1.0367869042788162e-05,-2.3093227809602122e-05,-0.00763987688517801,5.836771882067725e-05,0.0008492007351974298,0.22123959166385762,0.048946956919590466,0.0005941479963455351,0.13651844183820913,0.018637284961932486,0.0009348958411704454,0.15173343865720665,0.023023036406740294,0.0006512678910809322,0.10132723811981595,0.010267209184989882,0.00018189096745046523,0.05138986010323232,0.002640917721429789,0.0003545118847640622,0.10354979699430818,0.010722560457562437
187,44.58329331813774,0.0010636673639900693,0.0006389004784944673,0.1632235400526831,0.026641924027329844,0.0005764899027250097,0.14469828512826582,0.020937593719060912,-0.0007752593161253633,-0.17262473026296293,0.029799297498360706,-0.001068722092395399,-0.2098770762416482,0.044048387131742604,-0.0015170925605765054,-0.1946783018216659,0.037899641200167644,-0.0015871171862609132,-0.19523736199596897,0.038117627519145034,0.000684942491745653,0.15434957051666803,0.02382378991867988,0.0007807035784678522,0.18188196441826276,0.0330810489806462
188,44.82298844350407,-4.591519628130218e-05,-4.062106636730454e-05,-0.01100314128748553,0.00012106911819236874,-0.000398317548456736,-0.10600269566815725,0.011236571488915964,-0.0006786804603717652,-0.14664536390085756,0.02150486275361494,-0.0008642985565283154,-0.16470659105805083,0.027128261137963985,8.360338592047747e-05,0.010483574815710784,0.00010990534091660542,0.0001836568147975711,0.02207705024861635,0.00048739614767993124,-0.00012606623292900183,-0.028768751721484517,0.0008276410756124183,-0.0006028372223481729,-0.14222451218605997,0.02022781186656272
189,45.062683568870405,-0.0008942756579964744,-0.0003877394882174684,-0.13019691223127197,0.01695123595455754,-0.0005022531441889228,-0.16569347864627545,0.02745432886590374,0.0002452010540614669,0.05521740734803743,0.0030489620742390976,-0.0008354711467201671,-0.16593168886117532,0.027533325368321895,7.936805193072632e-05,0.010853639380796353,0.00011780148780837344,-0.0015329675394352323,-0.20096068003079845,0.040385194918440954,6.554369848777853e-05,0.018120824188572863,0.0003283642692731674,-0.0002758476656456637,-0.07884396672365264,0.006216371088720447
190,45.30237869423674,-4.094696934097736e-05,-0.00021005789611756436,-0.06511327259404738,0.004239738267906722,-0.0007690260858156726,-0.23420366314738406,0.05485135583165335,0.0004809886868425482,0.10356574934759277,0.010725864437928414,0.00010960939365227634,0.020814849000249977,0.00043325793890320745,0.00021357452240073426,0.027469059221243822,0.0007545492145002002,0.0002267852200475041,0.02796131262438278,0.0007818350036784678,0.0004463771436690963,0.1142927107086775,0.013062823721137444,-0.000395470763949089,-0.10468467695772138,0.010958881589742482
191,45.54207381960307,-0.0005049853137557912,-0.00022121567209993503,-0.07041861595449084,0.004958781472946072,-0.00014892953040307547,-0.04657732185049955,0.0021694469107650226,-0.0004975951693472615,-0.11997066569058691,0.014392960626242568,-0.0008750792930161234,-0.18607606764253876,0.03462430294931066,-0.0007541869264927727,-0.1110954816107806,0.012342206034331287,-0.0012253536749440668,-0.1730323554225382,0.029940196023071578,0.00017536883908351468,0.04825344072414995,0.0023283945417190526,0.00026633150622460685,0.07576184713587845,0.005739857481440215
192,45.7817689449694,-0.0009731273027456062,-0.001074967987584261,-0.260834556648489,0.06803466594201382,-0.000516300399701746,-0.12308189048697907,0.015149151765848707,0.0004545172154307452,0.1021172155689448,0.010427925715554343,0.0005220952049240833,0.10345286698220289,0.010702495686837364,0.0003878006398420081,0.049249904672944246,0.002425553110294095,0.0006648214234323183,0.08093760416614823,0.0065508957681560944,-0.0003463880104082037,-0.08048012579512476,0.006477050647999104,0.0002162387526610785,0.05194113947886116,0.0026978819703625096
193,46.02146407033573,0.0003404088830563052,-5.229694739699877e-05,-0.014410238856576461,0.0002076549839035861,0.0002839736028691322,0.07687673162672912,0.005910031865608132,-0.0009467487954041323,-0.2116547256703573,0.04479772289859422,-0.0006885708944987794,-0.135764451334628,0.01843198624619257,-0.0013686407965482095,-0.18140093265300242,0.03290629836737913,-0.0011851888499135007,-0.15058650620417394,0.022676295850779713,0.00018777003481076,0.05095743365280574,0.002596660044480099,0.0003149022639480742,0.08835053709150079,0.007805817404356657
194,46.261159195702064,-0.00030839317171062246,4.2023496548247636e-05,0.01286409413378405,0.00016548491788285715,0.0007655821400961488,0.2302506780333272,0.05301537473480689,-8.026393641051972e-05,-0.020362938594393958,0.00041464926819905894,0.00019204985194091643,0.042971268319233064,0.001846529900963523,-0.00013354236555847247,-0.0205826229141351,0.0004236443660254792,0.00023429837125989454,0.03461779390569663,0.0011983916548972866,0.0007138034308203048,0.20298519449947483,0.04120298918598963,0.0010448296330997791,0.30717322872966535,0.09435539244820729
195,46.500854321068395,0.0011295356342510899,0.0006831298816023912,0.19248612190509368,0.03705090712606258,0.00022315715504094932,0.06177731884318582,0.0038164371234526416,0.0010343774796482289,0.24809714645344097,0.061552194078340124,0.0015736005013754033,0.3328751667795088,0.1108058766584858,0.0012851946157057313,0.17848850394531152,0.031858146040635485,0.001844241000269813,0.2455316547279835,0.0602857934734617,0.0008630438769355945,0.225701945692413,0.05094136828934094,0.00031575461850943124,0.08536980492832533,0.0072880035935003196
196,46.74054944643473,-0.0007061453700093875,7.022720018755936e-05,0.02184216883130629,0.0004770803392552878,0.0005312585306448373,0.16233733866826977,0.02635341152589651,0.0006862628274155199,0.1654415229705932,0.027370897522829323,0.0007353785260610064,0.15635406868452761,0.02444659479420598,0.0010945242836102045,0.16882042043269285,0.028500334355071176,0.001015530130365257,0.15015536542313268,0.02254663376535451,-6.0740392656906736e-05,-0.01697791553886028,0.00028824961604467336,0.00012649542718092132,0.03655390255595422,0.0013361877920701965
197,46.98024457180106,-0.0009080952208143861,-9.186501762490936e-05,-0.023655311532651897,0.0005595737637068139,9.827012643063916e-06,0.00248612020906049,6.180793693898976e-06,-2.767279370782918e-05,-0.006096167522659633,3.716325846433009e-05,-7.180420502724082e-06,-0.001395076312747032,1.9462379183878545e-06,-0.0007122020194957432,-0.09677848795128027,0.0093660757301361,-0.00035968095915206205,-0.046853446773639486,0.0021952454745702682,-0.00021522486250007643,-0.05133880578906835,0.002635672979847678,-0.00040404309054045044,-0.09963987123639864,0.0099281039400061
198,47.21993969716739,0.0014454602053496919,0.0005596678227048664,0.1635529534968516,0.026749568597543297,0.000337721430871162,0.09696360933627286,0.009401941535517341,-0.00011596042211712894,-0.02692350990368283,0.0007248753855337078,0.00035915671036647865,0.07354447854026294,0.005408790323759196,0.0001676495872585655,0.022698927301194834,0.0005152413006249283,0.0008626570633172837,0.11196685867671473,0.01253657744193141,0.00021428463558466814,0.055936679356943436,0.0031289120974815014,0.00018588221958529657,0.05016440300329502,0.002516467328676994
199,47.45963482253372,-0.0004004880293245729,-9.505764847495163e-06,-0.0029623684230239773,8.775626673729566e-06,0.0004230641013010629,0.12953295654392138,0.01677878683100943,-0.0011257485231508648,-0.23656193522892072,0.05596154919925208,-0.000672760264607593,-0.12468322020673643,0.015545905401121527,-0.0009513769114404253,-0.12085117416058655,0.014605006295992422,-0.0005233658851590369,-0.0637312069153484,0.004061666734886954,-0.0008395511355741709,-0.20226165583579483,0.04090977742143751,0.0002658023031644409,0.06620294280404647,0.004382829635915848
200,47.699329947900054,-0.0005082661279068652,-5.070755666702086e-05,-0.016159689658586288,0.00026113556986182056,0.00044327830483046287,0.13879023385330685,0.019262729013055608,-0.002081397827570087,-0.4321558594500769,0.18675868685703462,-0.0013056440160051197,-0.23908607955636518,0.05716215343763258,-0.0025777300035682484,-0.35689568156105256,0.12737452751692824,-0.0013259656370602228,-0.17598862642627694,0.03097199663140766,-0.0003723326948996923,-0.10158244469550465,0.01031899307031526,0.0002795448417946314,0.07884807951781289,0.006217019643647346
