snapshot,time_star,marker_over_R,D_reference_mode_amp_over_R,D_reference_mode_spatial_corr,D_reference_mode_projection_fraction,D_uniform_amp_over_R,D_uniform_spatial_corr,D_uniform_projection_fraction,MA_reference_mode_amp_over_R,MA_reference_mode_spatial_corr,MA_reference_mode_projection_fraction,MA_uniform_amp_over_R,MA_uniform_spatial_corr,MA_uniform_projection_fraction,TTR_reference_mode_amp_over_R,TTR_reference_mode_spatial_corr,TTR_reference_mode_projection_fraction,TTR_uniform_amp_over_R,TTR_uniform_spatial_corr,TTR_uniform_projection_fraction,P_reference_mode_amp_over_R,P_reference_mode_spatial_corr,P_reference_mode_projection_fraction,P_uniform_amp_over_R,P_uniform_spatial_corr,P_uniform_projection_fraction
1,0.0,5.2188234698669796e-05,0.0005758078004126382,0.10395489622753055,0.010806620449676644,0.0008233302751048694,0.1681771025112189,0.028283537809069025,-0.00016363288260137573,-0.024472397324607934,0.0005988982308134775,-0.0006479673687491061,-0.08896755005638655,0.007915224963035646,-0.0013936235841860113,-0.16810332596813513,0.028258728201549094,-0.0012012247751241366,-0.14605023239930814,0.02133067038389192,0.0015142083417284489,0.1822549036506353,0.033216849904702354,0.0012340552954283838,0.17346138175629247,0.030088850960802233
2,0.430856706780247,0.0009887951228331234,0.0005781359012718188,0.12234548614104535,0.014968417979088718,0.0001536394950546412,0.036786312691829276,0.0013532328014610397,0.002330465326227292,0.33331160840751256,0.11109662829920301,0.0016313217129429606,0.21420024937224433,0.04588174683113165,0.0018558991039959716,0.21538425669013544,0.04639037802996216,0.002000683171990942,0.2340372926353671,0.05477345434409246,0.0003528237468937581,0.046059080331782465,0.00212143888100959,-0.0007040729393803555,-0.10733706134624815,0.011521244738448238
3,0.861713413560494,0.00028274276174337026,0.0008835991156192206,0.16681198082699197,0.02782623694742474,0.0005263025037354901,0.11241720366365296,0.012637627679555228,0.0004818424480754841,0.06272088737456351,0.00393390971305268,-2.7983957449174627e-05,-0.0033441737300928865,1.1183497937043372e-05,-0.0005110494609826145,-0.05846142068913077,0.0034177377089915275,0.00021330012665771915,0.0245948793475643,0.0006049080901212449,0.0012895133984132735,0.15345276749763861,0.023547751852684335,0.0006618955345915731,0.09198413134805727,0.008461080419856654
4,1.292570120340741,-0.001455702049549082,-0.0008534829328663692,-0.17052192907517427,0.029077728295518763,-0.0003487968397800682,-0.07884666212460525,0.006216796128191661,-0.0002682642809496607,-0.040330580218662836,0.0016265557007739979,-0.00037867414117650014,-0.05226486466750258,0.0027316160787123605,0.0006361016689462822,0.07438232968670906,0.00553273096962228,0.0011028827394147591,0.1299929303663534,0.016898161945231603,-0.001371767122902253,-0.16975874955246928,0.028818033049617987,-0.001485335279282057,-0.21465987294905856,0.046078861054505954
5,1.723426827120988,-0.0014756392245628038,-7.482266786597796e-05,-0.014741273545703896,0.00021730514574926953,-0.00035051905240477153,-0.0781337772500382,0.006104887147358588,-0.002697003250061071,-0.3359469874584843,0.11286037838243099,-0.0018756459747183087,-0.21449279691734474,0.0460071599294253,-0.0020671279678246605,-0.2375195078893079,0.05641551662797901,-0.0013432006079799135,-0.15556788742623529,0.02420136759826181,-0.0008986376241952869,-0.10021734476041828,0.01004351619082854,-0.0003280443341187385,-0.04272336282728815,0.001825285731272107
6,2.154283533901235,-0.0006128043224239073,-0.0006717857029412423,-0.1224211211677974,0.014986930907980528,0.00013877279559786613,0.028612467223006123,0.0008186732805875998,-0.0009452502722058074,-0.11924106537621802,0.014218431672055502,-0.0004952878829251279,-0.057360020983900147,0.0032901720072734653,-0.00016836098082123626,-0.02022586698995106,0.00040908569549519193,0.00017989809856149775,0.021784090140280078,0.00047454658323984775,-0.0006300245280028258,-0.07691323045359892,0.005915645018808415,0.00014352474549607724,0.020461853661847364,0.00041868745527885633
7,2.585140240681482,-0.00021880138608363787,-0.0011436767158590523,-0.21473857950832856,0.046112657529254746,-0.0010376815670708217,-0.2204429803118397,0.04859510756876615,0.0007914550317621986,0.10873033547851212,0.011822285853269793,0.0008921619231195915,0.11252285146217222,0.012661392101178073,0.00014508217442459507,0.01672700613998402,0.00027979273440706306,-0.0009994574971859108,-0.11614904492906368,0.013490600637933654,7.283270242572197e-05,0.008319411756789814,6.921261197901256e-05,-5.804423746368995e-05,-0.007742833120870293,5.9951464737646006e-05
8,3.015996947461729,0.0001921252376596811,-0.0003578275240119042,-0.07265475558473497,0.005278713509077578,-0.0005946979738071516,-0.13661932546890143,0.01866484009157762,0.0002511985850602567,0.03655577761010779,0.0013363248766796582,0.0003942023703225467,0.05266603590916503,0.0027737113383854606,0.0009324177060119166,0.10744414195062667,0.011544243639506414,6.17876727919677e-05,0.007176640979178969,5.1504175744030873e-05,0.000517467903227778,0.061962990711552896,0.00383941221791999,0.00029657698638856404,0.04147257449697302,0.001719974435406977
9,3.446853654241976,0.00047540388936764225,0.001042052565136575,0.1985516829185668,0.0394227707897951,0.0007860070902701686,0.16944774136061633,0.028712537052214333,-0.0008867029362886426,-0.13603212395133496,0.018504738746711356,-0.0006478598831987221,-0.09124666127598387,0.008325953194014135,-0.00048648140390696585,-0.059980885396001674,0.0035977066128882866,-0.0006586307202267428,-0.08185321922432723,0.006699949497385774,0.0011316130716971012,0.14973069747926768,0.022419281767627974,0.0015023808431961659,0.23214937743663264,0.053893333444216124
10,3.877710361022223,-0.0011058270072458582,-0.00018942701454823313,-0.03781752476546885,0.00143016517938685,-0.00017472259674931697,-0.03946622941724011,0.0015575832644142283,-0.0019321112176510535,-0.26378602051646294,0.06958306461991182,-0.0017204117731545023,-0.2156376656478101,0.04649960284603673,-0.0011369771684442253,-0.12074336948112932,0.014578961273656509,-0.0017631069237444095,-0.18872844035654252,0.03561842419941302,-0.0002460879641807735,-0.030945864120600935,0.0009576465061706962,0.0003614408471842485,0.05307916304313116,0.0028173975493593
11,4.30856706780247,0.0007529554917899773,-0.0007149648232952009,-0.13526173546327155,0.018295737080536056,-0.0002712734612213081,-0.058066141001344565,0.0033716767307880287,-0.0006042661511454892,-0.08936106607257523,0.007985400129627155,-0.0004116175871642151,-0.055883880885061,0.0031230081427756863,-0.0012950633558809516,-0.14428407570768495,0.020817894502820962,-0.0013880268502972015,-0.15587354280330232,0.024296561346052924,0.0007325282022305632,0.09517710825809296,0.00905868193637275,0.0011413459740833075,0.1731809274697841,0.029991633639294628
12,4.7394237745827175,-0.00047811119837057434,-0.0008975153912103042,-0.17484679135586945,0.030571400447442946,-0.0009327094138793499,-0.2055831410875854,0.04226442789943803,0.0004935259605666633,0.07306153515053176,0.005337987918552388,0.0005616361240085026,0.07633195508404306,0.0058265673669523664,0.00016156209640171663,0.019377018760982516,0.0003754688560634684,0.0002228672159560107,0.02694268169952965,0.00072590809716217,0.0015076918978793607,0.17634352088692207,0.03109703735879632,0.0010567585926400524,0.14434351885061145,0.020835051434176816
13,5.170280481362964,0.0027854960530385754,-0.00016922517040855612,-0.03236093328899162,0.0010472300033345658,0.0003511406493703245,0.07597357468789315,0.005771984050856878,0.000790268719390207,0.11866732527098779,0.014081934086970418,0.0004619515387510915,0.06368326796374664,0.00405555861854236,-0.0003060467607747165,-0.03558784509472993,0.0012664947184864933,0.00018185386301792215,0.021314914151636187,0.00045432556529162053,0.001962758134068277,0.2474643267867609,0.06123859303202477,0.0010386754942099457,0.1529326786895186,0.023388404211151535
14,5.601137188143211,0.0026520664719489285,0.000915087797977693,0.17116688045869913,0.029298100965962606,0.00039728349517468696,0.0840780962298392,0.007069126265634099,-0.0004693055008284192,-0.061456426922521304,0.0037768924100832018,2.0379672329195514e-05,0.0024500865197003407,6.0029239540173295e-06,-0.0012828026750809761,-0.13983796577920826,0.019554656673267022,-0.0004113662786396735,-0.045200275436317335,0.002043064899518952,0.0005257265603050911,0.07007041265764359,0.004909862730012459,-0.00012014697373548974,-0.018700886169421168,0.0003497231435216479
15,6.031993894923458,-0.001269204580706144,0.0007860339156710391,0.15569090077872086,0.024239656585289503,0.00046674482428451445,0.10459883126574115,0.01094091550215899,0.0010039374868128725,0.13960514194136422,0.01948959565646845,0.0016032225126235435,0.2046732604502613,0.04189114354334049,0.0006067609961502903,0.06958341242530272,0.004841851284749774,0.0012514221476205144,0.14465686766011226,0.02092560936123524,0.0008653225046874993,0.10231785284278877,0.01046894301035858,0.0006290165143039998,0.08685804713544985,0.007544320352184029
16,6.462850601703705,-0.0006315422739800607,0.0009034577410428247,0.17305826774657596,0.029949164035445574,0.000923601496791342,0.20016793649879538,0.040067202802185765,-8.724874144641917e-05,-0.012690526377841927,0.00016104945974670175,0.0005493962685099164,0.07336327869653143,0.005382170661104943,-0.0005261179624802359,-0.05849911928171117,0.0034221469567358716,0.0006668253687105913,0.07473524533808078,0.005585356895743125,0.0003861413784752523,0.046489956872443214,0.0021613160900016306,0.0002734824654272083,0.038451818261538075,0.0014785423276183526
17,6.893707308483952,3.161856107738109e-05,0.0008828314207275443,0.16722112760232968,0.02796290551659462,0.0005443971007377698,0.11666874998686606,0.013611597223497859,0.0005752248914025966,0.08019122677041078,0.006430632850943446,0.0003746571584317604,0.04795079183632195,0.00229927843773028,0.00045550476887126664,0.05377337219853524,0.0028915755576022022,0.0008942639917827085,0.1064111755201059,0.011323338275570782,4.039856832358106e-05,0.004686957794291916,2.1967573365473747e-05,-0.0002013723331476002,-0.02728346118200313,0.0007443872540698718
18,7.324564015264199,-0.0003562462562431715,0.00021681265887004583,0.04015710358641483,0.0016125929684500508,-2.149342433901113e-05,-0.0045041073574882485,2.028698308777978e-05,0.0013894386354929569,0.20303313625032063,0.04122245441564126,0.00044052835288258603,0.059098162703852784,0.0034925928349710564,0.0005214371216893538,0.06390725669918615,0.004084137458815674,0.0003046431326405833,0.03763455408283446,0.001416359661013792,-0.0005254768245808607,-0.06830215651093628,0.004665184584044435,-0.00033619839088370264,-0.051032996969704654,0.002604366779709884
19,7.755420722044446,0.00039716883736954164,0.0006498718620402498,0.12338694723259934,0.015224338747380254,-0.00023952856086958258,-0.051454595239573665,0.002647575371268357,0.0004133722247356644,0.05251874018221791,0.00275821807032731,-0.00021766344306254715,-0.025388150489639532,0.0006445581852845839,0.001153869751995843,0.1307050438013218,0.01708380847510545,0.0005965285347535602,0.06811047886131202,0.004639037330717232,-0.0008582888040432023,-0.10352028707091636,0.01071644983524493,-0.0014476061223879554,-0.20389990592816498,0.04157517163751454
20,8.186277428824694,0.0012806479745742746,0.0013120433512942929,0.24845589575277813,0.06173033213431535,0.00024719378724795464,0.05296195994975042,0.002804969201718967,0.0010929151985612645,0.1382908646400541,0.019124363242893773,0.0003370665491982164,0.03915572260485826,0.0015331706127086084,0.0006435110979121833,0.07163160095260085,0.005131086255032647,-0.00025939533487853977,-0.029104351736852854,0.00084706329002245,0.0007251190598945687,0.08846603417690221,0.00782623920298883,-8.06903564630612e-05,-0.011496442354274303,0.0001321681868051521
21,8.61713413560494,0.0008891273155421094,0.0003658134333463618,0.06622287447080326,0.004385469103175765,-2.349758765485e-05,-0.004812791325580417,2.3162960343582112e-05,-0.00011992162295917049,-0.01796587145500109,0.00032277253713762293,-0.00011755361790923122,-0.016168113608285496,0.00026140789765042666,0.0007210031988879855,0.08685046013267676,0.0075430024252576755,0.0006141074133936796,0.07456352391384771,0.005559719098450939,-0.00021602061947424714,-0.02405188456291113,0.0005784931510276028,-0.0008235911154443779,-0.10708783797131743,0.011467805041371137
22,9.047990842385188,-0.0032001057234643236,0.0006747378614874717,0.11806625356427786,0.013939640230704351,0.0005744033902103484,0.11371901044512185,0.012932013336617735,8.24440209689334e-05,0.011977344477951296,0.0001434567807435104,-0.0008624434799634519,-0.11502826793884162,0.013231502425009938,-0.00039430151824898556,-0.04333154450049441,0.001877622748798327,-0.0006042151366320337,-0.0669290211451532,0.004479493871448365,-0.0004644787033824825,-0.05441520395723424,0.002961014421707401,-0.00033079767691280047,-0.045257597958761935,0.002048250172996932
23,9.478847549165435,-0.0008344064094379538,6.809227712125866e-05,0.013044474608205342,0.00017015831780411395,8.55617289415614e-05,0.018545291355298865,0.0003439278314529229,-0.001136781207078541,-0.16729329597208442,0.02798704687720344,-0.0013873227483285134,-0.18743544499505768,0.03513204604049529,-0.0009752699539648831,-0.11248530065536898,0.012652942863528752,-0.0009185461286136148,-0.10678716388444459,0.011403498370483229,-0.0004300561175380664,-0.05488326295230506,0.0030121725522918624,-0.0005153517357653467,-0.07680564322637293,0.005899106831416886
24,9.909704255945682,-0.0004072917273302452,0.00023155173350165544,0.046131345833084474,0.00212810106837164,0.0004211081223905388,0.0949220440224577,0.009010194441401397,-5.733219235258612e-06,-0.0008352230254412205,6.975975022271856e-07,-0.00014785226859933875,-0.01977445230051844,0.0003910289637854791,-0.0008927837045757137,-0.11209949001961363,0.012566295662657455,-0.0014731428820448729,-0.18644442696398958,0.03476152434593044,0.00044470051183291684,0.05283533184336756,0.00279157229099877,0.0009630512261374278,0.1336228691210691,0.017855071152146365
25,10.340560962725927,-0.0007986335754128321,0.0007392027234631006,0.149662977861203,0.02239900694228294,0.0010535549636604396,0.24134227185475404,0.05824609218401401,-0.0012097820826431436,-0.18484731171067345,0.03416852864666288,-0.00032438750571384573,-0.04550327664023821,0.0020705481849980487,0.00011173293347913082,0.01416558688969134,0.00020066385192939523,0.000779726195672626,0.09964204883320343,0.009928537895678498,-5.875593266196367e-05,-0.00805244188213342,6.484182026513641e-05,0.000943606945019813,0.15102247981990644,0.022807789410954044
26,10.771417669506175,-0.0007014860380263133,0.0003257142110195155,0.05806643556183149,0.003371710938856329,0.0009361162970985576,0.18881810787393383,0.03565227786109251,0.0020122890582915756,0.3019005866930964,0.09114396424563584,0.0020651481221267694,0.28444438150274765,0.08090860616848067,0.0017747857013655816,0.20076530241763146,0.040306706654843025,0.0015686189597481314,0.17885757935272725,0.03199003369191712,0.0012663668454592834,0.14507816912860647,0.02104767515770854,0.0008661365271865196,0.11587866484456205,0.013427864966158342
27,11.202274376286422,0.0011376084986546569,0.0013827025440196696,0.24625577131783077,0.06064190490733978,0.0021431201672349218,0.43184664897658825,0.1864915282323086,0.0010689287161341956,0.16959191938298382,0.028761419120004485,0.0013309238303071576,0.19385730642962679,0.037580655256150224,0.001083033422425533,0.13002430702507184,0.016906320417350146,0.0013700300892615707,0.16579061658205127,0.027486528546656733,0.002733459754837617,0.31965559088792955,0.10217969678591138,0.003347557428430794,0.4571642388491245,0.20899914128249936
28,11.633131083066669,0.0009019721266721256,0.0012461809678362284,0.20582728042109347,0.04236486936554344,0.0007099718770577772,0.13267476980190893,0.01760259454198953,0.0006074688741308297,0.08899061961582633,0.007919330379608692,0.0014100349033290193,0.18963680308595934,0.03596211708466292,0.0013345501783704756,0.14707515843896715,0.021631102229847286,0.0011517464674284717,0.12794062227699443,0.016368802828624567,0.00046739770308123303,0.05556153602549217,0.003087084285512065,0.0010620945211603581,0.14744343229795068,0.021739565727800364
29,12.063987789846916,-0.0006253396219798075,0.0011370881962583903,0.2276383988020186,0.05181924060914687,0.0010300098590676615,0.23330182052570306,0.054429739460607356,0.0006398943375387663,0.0847051084778401,0.007174955402242659,0.0011678825845544381,0.14192963305584588,0.020144020739367063,0.0003051669330598901,0.0339819531540543,0.0011547731401643406,0.0004592398880537543,0.051546314454700544,0.0026570225338628703,0.0009893097237810863,0.1294815966853249,0.016765483880181137,0.0013520241268099669,0.20664971186509742,0.04270410341392778
30,12.494844496627163,0.0016434501442291578,0.0016081480030600136,0.3222538455774267,0.10384754098943998,0.0013962695688643193,0.3165678020507845,0.10021517329526469,-0.0013781225136897304,-0.1874160897979198,0.035124790715141935,-0.0006445666569543346,-0.08047471415178532,0.006476179617811557,-0.0005224099322756135,-0.06191919549702588,0.0038339867709989107,-0.0003469802123834619,-0.04145393296572287,0.0017184285583266453,0.0009158137888021995,0.11173303809357174,0.012484271801619552,0.0012918906856937403,0.18406651534454296,0.03388048207108287
31,12.92570120340741,6.060994856324487e-05,0.0006875414451847789,0.13432492020155284,0.01804318418715354,0.0006581028258671932,0.14547113904084621,0.02116185229384121,0.00023688042494934041,0.033955309433353974,0.0011529630387148175,0.000667618965421162,0.087857683093504,0.007718972478558579,0.0005204392344398626,0.0624626088110365,0.0039015774994805735,0.00086793566081425,0.10499890616426036,0.011024770295691152,-0.0003496320901107198,-0.04192513551286758,0.0017577169877723098,1.067022391368712e-05,0.0014942088890345549,2.2326602040698792e-06
32,13.356557910187657,-0.0013958671644424489,-0.00010202121513736827,-0.018811956210235518,0.00035388969645581866,0.0005256315659391927,0.1096605148502768,0.01202542851722778,-0.0002609929868901674,-0.037524703611780105,0.0014081033811519429,-0.0003100858441779289,-0.04093011222166005,0.001675274086477685,0.0002003759980680153,0.02299526548130509,0.0005287822345557015,0.0011026534281218642,0.1275495450570938,0.0162688864442716,0.00014634003949919318,0.018488566050204675,0.00034182707459278096,9.299460805900214e-05,0.01372057851971557,0.00018825427491568029
33,13.787414616967904,5.632709895341829e-05,0.0003673614630364835,0.06874800910099688,0.004726288755350751,0.0006302746532978072,0.13345097378480092,0.017809162404111626,-0.00020618095622456796,-0.029238242030233667,0.0008548747970185225,-0.0004236671776899085,-0.055156930403448795,0.0030422869715308943,-0.0006758619173138587,-0.08124402440708682,0.006600591501859319,-0.00023317429707673664,-0.028252786053184008,0.0007982199197669887,0.000680013125352303,0.08348128011340562,0.0069691241293728945,0.0006020681387016102,0.0863161465291583,0.007450477151643125
34,14.218271323748152,0.0015368044914685433,6.0970741791072524e-05,0.012276042320004302,0.0001507012150425366,0.00038778175123443655,0.0883384227605758,0.007803676935826214,0.00030023966478552274,0.04262439043394417,0.0018168386598653111,0.0002919665940291027,0.038053607999307223,0.0014480770817649387,-0.00026620815408166733,-0.03112611528094483,0.0009688350524826669,-6.177116549545415e-05,-0.007280086103542411,5.2999653674991325e-05,0.0006379988852658131,0.08589782643973787,0.00737843658707133,0.0005299202860009438,0.08331964171681369,0.0069421626958182
35,14.649128030528399,0.0010409241081299958,1.151678769776873e-05,0.0021327094268199244,4.548449499246573e-06,0.000846176676909315,0.17729102604587998,0.03143210791640091,0.000539284204562369,0.08253193329376293,0.006811520013206133,0.00013016687123514924,0.018288468816586304,0.0003344680916552496,0.00010808721319745925,0.013098914140596775,0.00017158155166272616,0.00017569483808179982,0.02146184878217527,0.0004606109531489581,0.0004617134236908317,0.06144371661991302,0.0037753303120681755,0.0011178479695695923,0.17372499686088871,0.0301803745343158
36,15.079984737308646,0.000762945196101997,8.014100830852362e-05,0.01522050887180241,0.00023166389031661588,0.0002471245781365675,0.05310258788946224,0.002819884840558061,0.0026529797327771356,0.33453121113034573,0.11191113122033594,0.0018074143781860912,0.2092343601338415,0.04377901746061809,0.001185214167118395,0.13479986779641845,0.01817100435793189,0.00014208008168595644,0.016288195859642116,0.0002653053243620625,0.001061513650565535,0.12755016340695946,0.016269044185142065,0.0010051196999229862,0.1410417912644674,0.01989278688308959
37,15.510841444088893,0.0030901119888939615,0.0007650799568558119,0.15159210406062065,0.022980166013526038,0.0007879822614706998,0.1766491582904056,0.031204925124708776,0.0018079583866110534,0.2495519365219113,0.06227616902183604,0.0009351706148442912,0.1185047962107854,0.01404338672495978,0.00095271901856505,0.10902544975307486,0.011886548693860249,0.0007262357047580545,0.08376986227795202,0.007017389826067049,0.0006969086609612099,0.08399506969173319,0.0070551717325191155,0.00029541285144117147,0.0415797536126675,0.001728875910490136
38,15.94169815086914,0.0001178058916605623,0.00011736463784587232,0.024932642444302697,0.0006216366592554442,1.848023474885165e-05,0.004441850166356891,1.9730032900364734e-05,0.00259016490706931,0.37706304122901,0.1421765370608701,0.0014888595504755073,0.19898156573287568,0.039593663501506726,0.0011144756809788913,0.14030721948608588,0.01968611583991668,0.0005924708902185652,0.07518368215383203,0.00565258606220844,0.0015601289592121555,0.19268156540520368,0.03712618564699978,0.000676353257027438,0.09755012884632361,0.009516027637934339
39,16.372554857649387,-0.0006370742202877953,0.00026783712030237255,0.04777760380848539,0.0022826994256805984,0.0004927315752197212,0.09944646881370629,0.009889600159515455,0.001136768467641496,0.16971780480045004,0.02880413326628366,0.0011738188918617766,0.16088999719600916,0.025885591197731834,-0.00011135314995794118,-0.012833213821620004,0.0001646913769914187,1.152139579645584e-05,0.0013383976713893743,1.7913083267804996e-06,0.0003106659954542362,0.03611370372417595,0.0013041995966775598,0.00031273545171786235,0.04245511495022516,0.0018024367854368318
40,16.803411564429634,-0.0009893175584946411,0.0005262420624278339,0.09512009823436983,0.009047833088116167,0.00015566479412622007,0.03183482806874327,0.0010134562781664441,0.00021907262481863992,0.03044463528206597,0.0009268758174580161,0.0012505890948949288,0.15955479599558436,0.025457732925192548,0.0009144937852179132,0.10338304338860763,0.010688053660290728,0.0013135985860466789,0.14968503362709387,0.022405609291944222,-0.001346102517694554,-0.16240863779186396,0.026376565629408866,-0.001463831439932691,-0.20625127965128065,0.04253959035779077
41,17.23426827120988,-0.0010126173939053141,0.0004316274376572948,0.08270333420100225,0.0068398414879626696,0.00016672236351630566,0.036143749866188866,0.0013063706543896274,-0.0014843682821512724,-0.19648290490571949,0.038605531920190006,0.0001889122321318464,0.022957032330993943,0.0005270253334463011,-0.0006201926944224479,-0.0732089868525002,0.005359555755969546,0.000810248502130973,0.09640579490699924,0.009294077291650403,-0.00021006803635024974,-0.023251101985066608,0.0005406137435199684,-0.0004551769927239472,-0.058835366266615036,0.003461600323726743
42,17.66512497799013,0.00013840090959480839,-0.00045054904925079193,-0.08887721588949846,0.007899159504268517,-0.00020033925836010786,-0.04471361684948395,0.001999307531762455,2.095382115585237e-05,0.0029885598725895427,8.931490112052423e-06,0.000847062706022841,0.11091412339629611,0.0123019427687688,0.0017852878835963423,0.20304636465145487,0.04122782619817158,0.0017671773250884767,0.20258824571237688,0.04104199730081838,-0.0007204119318058482,-0.08783424335740894,0.007714854306168538,-2.4565239854955595e-05,-0.0034976678907200523,1.2233680673774058e-05
43,18.095981684770376,9.473525964159027e-05,-6.0057827548140906e-05,-0.012501120751133932,0.00015627802003443143,-0.00017708122387307418,-0.04170395292068978,0.0017392196892111096,-0.0023224471577955458,-0.32205478532075016,0.10371928474799447,-0.0012600883600131967,-0.16041961762597043,0.02573445371926256,-0.0013045957639405206,-0.1537407151817215,0.023636207504587215,-0.0006701832416640602,-0.07960743839242271,0.006337344247403376,-0.0009186996983102309,-0.11541836363713256,0.013321398664673367,-0.00034654230558630434,-0.05084312001351308,0.0025850228527084947
44,18.526838391550623,-0.00021603284181008,-0.0004891533686704018,-0.08979789025203526,0.008063661093716567,-0.0005332537179730158,-0.11075933813460408,0.012267630984015562,-0.0021718509514046425,-0.2713329132287343,0.07362154980119187,-0.0017175306288975043,-0.1969924187754369,0.03880601305499712,-0.0002036086990364251,-0.02351969318595275,0.0005531759675613523,0.0005491325438126472,0.06393808993953273,0.004088079345115778,-0.001018895499894386,-0.115286553375809,0.013290989389273256,-0.0006230393427310634,-0.08232639096166658,0.006777634648773177
45,18.95769509833087,-0.002575536440057632,-0.0001249463632850249,-0.02675401704621799,0.0007157774281093227,-0.00016141704479566768,-0.03910570742105617,0.0015292563529012478,-0.0008510278072634805,-0.13500571271484396,0.018226542465642984,-0.0008890611053276669,-0.12948294481117795,0.01676583299697455,-0.0007452527607215839,-0.09245399424366975,0.008547741051608517,2.1477381159090135e-05,0.002685657101828267,7.212754068600605e-06,-0.0009102549723444477,-0.12212687642285866,0.014914973944804195,-0.0009474159237556971,-0.14844427855105888,0.022035703834544354
46,19.388551805111117,-0.0011300924994738213,-0.0002326269886251029,-0.045289902872658806,0.0020511753022148683,-0.0007042209604262381,-0.15512279205276613,0.02406308061424572,-0.0006788756999516821,-0.09563797399980502,0.00914662207078738,-0.0009658471501710059,-0.12491686269700769,0.015604222586063076,-0.0009156406969116871,-0.10669221994583543,0.011383229796970524,-0.0008737364680964038,-0.10262077251512094,0.0105310229516002,-0.0007361748232798462,-0.08844596613707184,0.007822688925920059,-0.0015441567223048564,-0.21665216830046122,0.046938162029291366
47,19.819408511891364,-0.0024746959116361865,-0.0005458530854080902,-0.10952905132377441,0.011996613083886009,8.746927359505785e-05,0.019857951773253002,0.0003943382486288421,-0.0009746576637215135,-0.13633752908027374,0.018587921835714494,-0.00047923504498244784,-0.061543819785046285,0.0037876417537342547,-2.8303600156599554e-05,-0.003422202121653844,1.1711467361452073e-05,-0.00018283205307910677,-0.022282476878776512,0.0004965087758532098,-0.000852455650602415,-0.10928513623863237,0.011943241002696437,0.00015868985443826634,0.023758174063090817,0.0005644508348121212
48,20.25026521867161,-0.0023647115072584356,-5.1068699317157994e-05,-0.010696063996184328,0.00011440578501047068,-7.583880983642766e-05,-0.017971572528039506,0.0003229774191305842,-0.0009755334247898994,-0.13383886502314674,0.017912841790684086,0.0002525664068560102,0.031811799632139676,0.001011990595835402,-0.0004171280681061743,-0.04976643970602654,0.002476698521013575,5.717987682241073e-05,0.006876342916574322,4.728409190632185e-05,-0.0008171366043018519,-0.10589809412889867,0.011214406340133083,-0.00015639761589129,-0.02366999689454479,0.0005602687529877601
49,20.681121925451855,-0.0010230762707834809,-0.000549647739956605,-0.10456001135626868,0.010932795974823035,-0.000201369389546496,-0.043341107414130116,0.001878451591883164,-0.001068640224954406,-0.15537054769608635,0.024140007091381848,0.00025219663465912153,0.03366270629382778,0.0011331777950245126,-0.0002586466212322248,-0.03142301324140066,0.0009874057611692411,0.00029466390502521647,0.036084036342596125,0.0013020576787737977,-0.0014726172456042102,-0.17515793948040356,0.03068030376302072,-2.0192014471889543e-05,-0.0028047502037642194,7.86662370551543e-06
50,21.111978632232102,0.0011221404373609465,-0.0009924631999194728,-0.1817666753379112,0.03303912426339761,-0.0015238339495917607,-0.31576418660702704,0.09970702154359737,-0.0007026239954733395,-0.09917880032212797,0.009836434433336533,0.0001624876085602324,0.02105662108265502,0.0004433812914185118,-0.0002209128979696479,-0.025699598702228668,0.0006604693734555935,-5.215009782362667e-05,-0.006115156120103714,3.7395134373241914e-05,-0.0013537452591965177,-0.16340585723899584,0.02670147418001109,-0.001593435885484259,-0.22461557044954739,0.05045215448837558
51,21.54283533901235,6.296731231308428e-05,-0.0007952983358907199,-0.1451318182373568,0.021063244664881173,-0.0008948467218254908,-0.18475941952289268,0.034136043102436266,-4.561567144246279e-05,-0.007021222880059516,4.9297570731471265e-05,-0.0006409865137999989,-0.09057746074206184,0.008204276394479754,0.000722141334102488,0.09335501723057249,0.008715159242120487,8.276191093545057e-05,0.010784328834231815,0.00011630174840484372,-0.0009173794959753255,-0.10492008448677143,0.011008224128711252,-0.0007151927960544981,-0.0955228623636388,0.00912461723414268
52,21.973692045792596,0.0005137564600469879,0.00020255052993648303,0.03791838424350562,0.0014378038636381353,-7.742560553685498e-05,-0.01639934208332133,0.00026893842076579393,6.752240927191238e-05,0.009382878847445228,8.803841546583509e-05,-0.0006438990750717171,-0.0821445096971773,0.006747720473389655,0.0004766643160065613,0.05934323307996287,0.0035216193123827995,-0.00015374904012721796,-0.019293815805756453,0.00037225132834645754,7.098929210220953e-05,0.00855158525677669,7.312961040392044e-05,-6.786229545442087e-05,-0.00954678020628193,9.114101230705644e-05
53,22.404548752572843,0.0001978043329260235,-0.0006228837443248513,-0.12409239989287318,0.015398923711172753,-0.0012248982528690981,-0.2760982010970843,0.076230216649046,-0.0011090927985333903,-0.1407261929036361,0.019803861369151406,-0.0014727104166936864,-0.17155246938138138,0.02943024975084979,-0.0008315473296171984,-0.09086708400462509,0.008256826955503595,-0.0005204625539102644,-0.05732660982342004,0.003286340193846638,-0.001055212839149309,-0.12783697220370033,0.01634229146220965,-0.0016206150969128687,-0.22928248674566123,0.05257045872827431
54,22.83540545935309,-0.0004901423563912157,-0.00010342715990395485,-0.02101751685669737,0.00044173601482155796,-0.0004977587106338274,-0.11444347837279022,0.013097309742063303,-0.0010181327490849726,-0.15338245249144467,0.02352617673229028,-0.0014783519051796007,-0.20446626207996027,0.041806452328951,-0.0004900401449731517,-0.058152302437507686,0.003381690278783363,-0.0006388155052454664,-0.07641134709781142,0.005838693965302215,-0.00060695652512003,-0.08205508530076369,0.006733037023715607,-0.0006702785300256158,-0.1058224517046,0.0111983912847724
55,23.266262166133338,5.365032221017397e-05,-0.00018599994198127193,-0.035862842582130905,0.0012861434780707015,-0.0006703930910381586,-0.14624694616911535,0.021388169263792126,-0.00015853744951276186,-0.023388685401722474,0.0005470306048207459,-0.000521683713228985,-0.07065677082651071,0.004992379263630056,-3.833123791167032e-05,-0.004700351588861323,2.209330505891116e-05,0.0002748319152800582,0.03396970822079647,0.0011539410766060476,0.00025946099029204735,0.029818156343417203,0.0008891224477204716,-0.0011915777679847189,-0.15992107550044965,0.025574750389220517
56,23.697118872913585,-0.0011306507948709993,0.0004308069862271651,0.08114513901338645,0.006584533585501813,0.000699064119314961,0.14897800632112013,0.022194446367415705,0.000747995782041101,0.10265438581938736,0.010537922927955638,0.0001437447772525809,0.018111023582343226,0.00032800917520019244,9.523701610723112e-05,0.011426499014714637,0.00013056487973327454,3.7113679805030155e-05,0.004488369223021797,2.0145458282169295e-05,0.0004437556156142754,0.05539758859078594,0.0030688928216739764,0.0005597033956717089,0.08159800379971421,0.006658234224098175
57,24.12797557969383,-0.001394949236221955,-0.000528006151151534,-0.10517099143981362,0.011060937440433348,-0.00029706653084476064,-0.06694776542042281,0.004482003294787961,0.001983371052449841,0.2844099382854237,0.08088901299551854,0.0011475024751980525,0.15106609065073542,0.022820963744496207,-0.00036883447273252176,-0.04335444300623111,0.001879607728380542,-0.0008198759827618723,-0.09713984875023822,0.009436150215219158,0.0008505298593093948,0.10299570202145229,0.010608114634891794,0.0005691721174184022,0.08049107875418313,0.006478813759012109
58,24.55883228647408,0.0024177937023277763,-0.00012784643617268904,-0.024776845824763208,0.000613892089024086,-0.00032418343311222027,-0.07108428256013082,0.0050529752270885185,0.0006877808693360588,0.09628933266712232,0.009271635585479752,-5.146505689602971e-06,-0.0006614744960810889,4.375485089657304e-07,-0.00027977411502455574,-0.03312127586403753,0.0010970189148616749,-0.0012718712730079794,-0.15177136429716423,0.023034547020622534,0.0012217358990052713,0.14729571596011928,0.021696027940204136,0.00046528939016858296,0.06551044115865133,0.004291617900801118
59,24.989688993254326,0.0028602791631863974,1.711791621567388e-05,0.0030925239329540276,9.563704275893448e-06,5.394757989660048e-05,0.011027054346617667,0.00012159592756325958,-0.00015438980678026662,-0.021275339530352728,0.0004526400721317894,-0.00041015477994757867,-0.05188934814330917,0.0026925044507375424,-0.0011518718558216204,-0.1391329696652815,0.01935798324788014,-0.001853738123381542,-0.22569473184215413,0.05093811198130186,0.0014079013029283237,0.16639431222512754,0.02768706714087323,0.0011162484800486569,0.15406420263165785,0.02373577853252853
60,25.420545700034573,-0.0009796265792871852,-0.0005501534032844433,-0.10518463285575645,0.01106380698900028,0.00015598626538733558,0.03374273079217342,0.0011385718813130888,-0.0003987899283563799,-0.05981838071376766,0.0035782386712172507,-0.0008038124006228642,-0.11069238238586614,0.012252803518258809,-0.0008038962132888381,-0.09627272320756552,0.009268437233800527,-0.0010962661123655995,-0.13233246908047783,0.017511882372935616,-7.698037033302306e-06,-0.0009397696409101115,8.831669779763197e-07,0.0008312858948154962,0.11851311697169636,0.014045358894346986
61,25.85140240681482,0.00030523502738027985,-0.0008201394581148402,-0.16863311283482318,0.028437126744362207,-0.0005892481424637798,-0.1370814681771589,0.018791328917605432,-0.0003638623119929084,-0.055157693866055284,0.003042371192621473,8.351705488390171e-05,0.011622960403754472,0.00013509320854724434,1.6658607847632524e-05,0.0018998067270274764,3.609265600058852e-06,6.862061463171083e-05,0.00788810117983239,6.222214022327317e-05,-0.0007650062712559959,-0.10052072830318626,0.010104416818602992,-0.0004164639804587752,-0.06390615240533148,0.0040839963152534565
62,26.282259113595067,0.0015132904207694254,0.00035357786526075215,0.06353426868220319,0.004036603296982384,-1.4566371836624431e-06,-0.00029614181452289866,8.76999743089149e-08,-0.0004011524252806889,-0.06445470368196671,0.0041544088267301315,-7.543763458018961e-05,-0.011127710486779959,0.00012382594067759267,-0.0009371229880374152,-0.11713750609295924,0.013721195333678063,-0.0005071642066654673,-0.06389915719916286,0.004083102290763328,-0.00041779845502489037,-0.04729563343134401,0.0022368769416720655,-0.0008268923620763642,-0.10931450462221703,0.011949660920800706
63,26.713115820375315,-0.0005080019694988512,-0.0009453729463266732,-0.1774369635540417,0.03148387603527832,-0.0009676118111047252,-0.20547900922693713,0.04222162323288371,0.00018213554013132673,0.028580968151651696,0.0008168717404857284,8.704738471897689e-05,0.012540375108140205,0.00015726100785286244,-0.0002030271157201521,-0.025295424095176162,0.0006398584801548187,-0.00044627412264927916,-0.05604498762197069,0.0031410406375468472,-0.0008835062232633902,-0.11195051960507922,0.012532918839847225,-0.0007721541315745284,-0.11426023007202574,0.013055400176112255
64,27.14397252715556,0.002111609869710381,-0.0006816304285398935,-0.1360080229710817,0.018498182312502283,-0.0004167985594844041,-0.09409512916121804,0.008853893331866305,4.7214192393853804e-05,0.006793029855686271,4.614525462024505e-05,-0.00020374706255757641,-0.02691255162308891,0.0007242854348654255,-0.0002014969796497071,-0.024438436707582157,0.0005972371887104989,-0.00023437020402047908,-0.0286519662731874,0.0008209351713198684,0.00011620282173456965,0.01356152330173958,0.00018391491426362558,4.576478747101741e-06,0.0006237317393745132,3.8904128270315565e-07
65,27.57482923393581,-0.00145119469419292,-0.0005778579154857623,-0.10453460684385858,0.010927484028000083,-0.0009800200724688344,-0.2005854234444535,0.04023451209839071,-0.0007649023123888919,-0.1034577860264669,0.010703513489498209,-7.542227140737587e-05,-0.009365465658344075,8.771194699762222e-05,-0.0013371652145724422,-0.153894831888133,0.02368361928187672,-0.00035015757089891584,-0.040620909104848356,0.0016500582565043519,-0.0007270668446894451,-0.08997664894529879,0.008095797355425538,-0.0006284363474277273,-0.0908220631985921,0.00824864716364906
66,28.005685940716056,-0.0006657661597850541,-0.0003936754783626489,-0.07165857762120212,0.0051349517466938496,-0.0008997909347761882,-0.18530912617517017,0.03433947224380515,-0.0013769206707059038,-0.20605767113073922,0.042459763831823885,-0.0014208986962057249,-0.19521606073877742,0.03810931037036604,-0.00031638735541142794,-0.037386279277766825,0.0013977338782351773,-0.0003465288995505477,-0.041274302185956,0.0017035680209376122,-0.0009255245150946396,-0.10566793809537517,0.011165713141328037,-0.0016802033409673404,-0.22402255403737906,0.05018610471743042
67,28.436542647496303,-0.002879214254676385,-0.0006442392719637085,-0.13572937315982966,0.018422462738360297,-0.000508493300461846,-0.12120966714521629,0.014691783409454127,-0.0009442786033965406,-0.12527517194327562,0.01569386870541727,-0.0013627414932930089,-0.16597814247603132,0.02754874377979376,-0.0003676090713881098,-0.043918211122133434,0.0019288092681682843,-0.0003649908609104642,-0.043952903045078366,0.001931857686090059,-0.0005674222495672312,-0.07084469269117781,0.005018970482507421,-0.0006691899371260773,-0.09757194339977597,0.009520284138809086
68,28.86739935427655,0.00044892385242396415,-0.0002654408869979983,-0.05328516906773083,0.0028393092425766575,-0.0001485676792870803,-0.03374335358762807,0.001138613911339692,0.00047702249239028806,0.06889674445264976,0.004746761396173727,-0.0006971523477934356,-0.092440034670909,0.008545160009958858,-0.00020811127750963764,-0.023944579363684406,0.000573342880903781,-0.0010238077887087895,-0.11873456861767985,0.014097897784826523,-4.1079266529419125e-05,-0.005228341357738683,2.7335553353040786e-05,-0.0005399030944556386,-0.08024752833322833,0.0064396658035922845
69,29.298256061056797,-0.0009970283279568547,0.00014843288645669764,0.03072891629955309,0.0009442662969449394,8.795109865827958e-05,0.020600784337311606,0.0004243923153124232,-0.0004104167349717821,-0.05493907777213581,0.003018302266452787,-0.001049040475454098,-0.12892024158083865,0.016620428689261797,0.00030297778279399413,0.03430020637941516,0.001176504157670472,-0.0009910861851691393,-0.11309529172172085,0.012790545009621141,0.00017772360672720403,0.021631146452118527,0.00046790649683300006,0.00019981891873910586,0.028401783852565258,0.0008066613260078367
70,29.729112767837044,-0.0016348142139946359,-0.0004457405556696356,-0.09036794251951318,0.008166365035210038,-0.0005525724586765192,-0.12674967502284243,0.016065480118396168,0.0005105723253188813,0.08169681021487556,0.006674368799285396,0.0005008573029988781,0.07357569982322379,0.005413383604477133,-4.886111196223687e-05,-0.005641298362930722,3.1824247219604846e-05,-0.0008179603580389311,-0.09519083413167742,0.009061294902684522,-0.00028814012043981816,-0.03594785130280665,0.0012922480132886982,-0.0001267321256114407,-0.01846420087556698,0.00034092671397328844
71,30.15996947461729,0.002083466255266442,4.8806805135253755e-05,0.008585390009642705,7.370892161767277e-05,-0.00025305691678701125,-0.050364350342713464,0.002536567785443582,0.00020710898458816332,0.02693600724889562,0.0007255484865125574,0.001080243563940587,0.12898182870810576,0.016636312136887134,0.0006301994798977009,0.06659806000037012,0.004435301595812898,0.0009647077575020473,0.10276055977507327,0.010559732645286406,0.0010245385372475763,0.118943365519945,0.014147524201211242,-0.00012536425804202935,-0.01699652951141519,0.00028888201543240765
72,30.59082618139754,0.0005072884839100724,0.0006936247216198409,0.13448123163811043,0.018085201662903116,8.078833398163556e-06,0.0017721935098963964,3.14066983651891e-06,0.0006342736358280404,0.08725027606603801,0.007612610673599845,0.0012740792712627631,0.1609011549941888,0.025889181678463966,-0.0005656887646567722,-0.06657705235842261,0.004432503900736146,-0.00027492756152310455,-0.032614629007148434,0.0010637140252739282,0.001294443273729064,0.15763667489590255,0.024849321272236477,0.0008039179952790977,0.11433010083865422,0.013071371957776839
73,31.021682888177786,0.002364139652005329,0.00024412433121461582,0.04787419558505299,0.002291938602915907,-0.00023459760791437486,-0.05205223452480841,0.0027094351190256553,0.0007263984782729776,0.10821729976246568,0.011710983967879356,0.0006497166776274068,0.08886246253204091,0.007896537247258374,0.00026077728633355047,0.03187281950709412,0.0010158766233317991,0.00032052923572863443,0.03948803493613374,0.0015593049031173188,0.001103426437019557,0.14028474151334505,0.019679808701466038,-9.196645118919096e-05,-0.013654351337227245,0.0001864413104404395
74,31.452539594958033,0.0010728299269893102,8.030576948105634e-05,0.016440222808702793,0.00027028092599979157,0.00015925564389546485,0.03688766446094917,0.0013606997893835726,0.00018984721589564393,0.02737770352523512,0.0007495386503156713,-0.0006317302615141201,-0.08363672653067178,0.006995102024766375,0.0006576615278263378,0.07517194454774094,0.005650821247088639,0.0005114390939440166,0.0589242986877197,0.003472072975839605,0.0005142050771513956,0.06830614094227341,0.00466572889042572,-0.00022499143213573997,-0.03490309694365187,0.0012182261762579607
75,31.88339630173828,-0.0006183740021174611,0.00047359516955557666,0.0950612011153667,0.009036631957496195,0.0006410037507465061,0.1455733844767492,0.02119161026801544,0.0010891944251283322,0.14709276156456003,0.021636280504688507,-0.00032388151969775996,-0.04015546153872085,0.001612461091387689,0.0010138084400759478,0.11592441710085012,0.01343847048017187,-0.00011357600383173724,-0.013090395103474787,0.00017135844396507665,0.00011799955537295862,0.01440469714197664,0.00020749529975206999,-6.378930579490473e-05,-0.009093817423039309,8.269751532357331e-05
76,32.31425300851853,-0.00027906876055639216,0.000262376899820192,0.052972730971502874,0.0028061102265792195,0.0006957655551119946,0.15893336068352285,0.02525981313815877,0.0014794383539237302,0.1931370797438641,0.03730193157198772,0.00042597061764581564,0.05105296768382221,0.0026064055093253952,-0.0006331703636691542,-0.07495384678182981,0.0056180791473940195,-0.0015047159304797488,-0.17954570438128462,0.03223665996177165,0.0005948967620696758,0.06766442175178478,0.004578473971003404,0.0012287404393470384,0.16321253687501103,0.02663833219317683
77,32.745109715298774,-0.0020581361580885474,0.0003251643682025606,0.05748886280495214,0.0033049693466066106,0.001153849952879823,0.23081045682872606,0.053273466981485225,0.00016071514667247277,0.023676307852390638,0.0005605675535211745,0.0009324802072016566,0.1261157576600211,0.01590518433016117,-0.00013010673350625512,-0.015412494701931968,0.000237544992937081,-0.00017068101013465885,-0.020380063078719056,0.0004153469710925677,0.0008456454869831882,0.09372861344378233,0.008785052978093974,0.0021902358464616356,0.2834975652684203,0.08037086951312224
78,33.17596642207902,0.0005398369020674312,-6.503161547274109e-05,-0.012620466786570216,0.00015927618191092195,-0.00038022423402576467,-0.08348645961821945,0.006969988939584586,0.0018493398381365053,0.23640696554935428,0.05588825336025358,0.003224051057594233,0.378371150859652,0.14316472780285755,0.00044803154767312185,0.05030816466173893,0.002530911431632638,0.0008201876151671631,0.0928304034598931,0.008617483806526532,0.0014604985098955344,0.18104234512719192,0.03277633072915327,0.0008409032775126826,0.12173057895102943,0.01481833385175281
79,33.60682312885927,0.0014564895630037036,-0.00016815034420876768,-0.03358674052148419,0.0011280691388575084,-0.0001106014684985113,-0.024995185656243698,0.0006247593059900907,0.002934455120642029,0.40403087147975236,0.16324094510868817,0.0032636060448294505,0.4125317404461874,0.1701824368755605,0.0005855415565737529,0.0730257447195278,0.005332759391841643,0.0003214318254426175,0.04040678520460615,0.0016327082905711787,0.001792381509989672,0.21485631294045854,0.04616323521036825,0.001940711921463171,0.27167728669813745,0.07380854810766196
80,34.037679835639516,0.0034502477061369064,-0.00039320723851154734,-0.0768650940422868,0.0059082426821295934,-0.0003498261011482022,-0.0773722530910192,0.0059864655483807296,0.002180825393848833,0.3061082850009212,0.09370228214620517,0.0022648025521559627,0.29184825181362123,0.08517540208666687,0.0008566916259155199,0.10200194064078741,0.01040439589448672,0.0005518956715563667,0.06623507819119515,0.004387085582993734,0.0015237414263099762,0.18991214550419588,0.03606662301000686,0.000788323894080342,0.11474155979191042,0.013165625543480554
81,34.46853654241976,0.0008725157256405631,-0.0005002774167204716,-0.10228707348735702,0.010462645402607976,-0.0004759185981685006,-0.11009507877322944,0.012120926370083595,0.002245203322746198,0.29367744599125534,0.0862464422839467,0.001841318399687075,0.22111406716079024,0.048891430696386455,0.0013251623697005718,0.1545156208485172,0.02387507708620272,0.0008013199094143989,0.09417950039172708,0.00886977829403532,0.0006913132950574755,0.08988536888160015,0.00807937953898133,0.00037346124500122217,0.05670668118943247,0.003215647691519935
82,34.89939324920001,-0.0017864487265051336,0.00041338502898448864,0.07687103132871706,0.0059091554575406,0.00048445633719937755,0.10192670382455157,0.010389052952537855,0.0007129513839163458,0.10719658776047235,0.011491108427488652,0.000993603138667573,0.13715339471874088,0.018811053682874737,0.0006768420134496034,0.08097800600277798,0.006557437456185947,0.0003276679744776963,0.03951490288194081,0.001561427549769214,-0.0009277482275687409,-0.11852555851838342,0.014048308022094735,0.00031741806853260757,0.04735742888527176,0.002242726070623572
83,35.33024995598026,0.00020976728342701954,5.9845235989348804e-05,0.012637873568215292,0.0001597158483261947,-8.583900934986403e-05,-0.0205094726851972,0.0004206384698248499,-0.0008142437579648561,-0.11681041236851168,0.01364467243770175,-0.00020271418185226683,-0.026698312608198688,0.0007127998961251011,-0.0012014143334534277,-0.1379606602178088,0.019033143767733702,-4.0084686981580276e-05,-0.004639680812250964,2.1526638039569763e-05,-0.0011598968350903845,-0.14468470649735515,0.020933664294225805,-0.0007771902550016874,-0.11321532161335048,0.01281770904801438
84,35.761106662760504,-0.0023728102466706712,-0.00042282195883620985,-0.0812695975558014,0.00660474748688192,-0.00031093470225981526,-0.06761843970158439,0.004572253387676805,-0.0014247186019036538,-0.1838228790744828,0.033790850871231924,-0.0011390954930107975,-0.13492833597792356,0.018205655849771418,0.00010164995145404053,0.011538049423217836,0.00013312658449261743,-0.00013623931846473098,-0.015587441420300437,0.00024296833003129774,-0.0007937477845902091,-0.09039568656957526,0.008171380150384891,-0.0005371410585898508,-0.07143780898489904,0.005103360552562923
85,36.19196336954075,-0.0009393064346228748,0.0004633377962234646,0.09519770028621345,0.009062602139783724,0.0003700186925438754,0.08601570789641487,0.007398702004921369,-0.0008299347088770457,-0.10704011142162433,0.01145758545315375,-0.0008015207070759592,-0.09490518351435921,0.0090069938578942,0.0003196438874549778,0.0356878720752048,0.0012736242132561828,-0.0005846668599508864,-0.06579757383733793,0.0043293207228799375,-0.00015945210387774576,-0.020547067184454256,0.000422181969882477,0.0006624899269775649,0.09969501897091218,0.009939096807610539
86,36.622820076321,0.0004775749279037797,0.0007814929838162299,0.15174215670815755,0.023025682122443044,0.0008043475451260497,0.17670558857957866,0.03122486503525532,-0.0003119730205581384,-0.04669667459246061,0.0021805794179941564,-0.00010612270010890088,-0.014583097168204877,0.00021266672301730507,0.0008692627860628048,0.10510791794464504,0.011047674414658235,0.000593310666348657,0.07231254631683783,0.005229104354824816,0.0008313311508978553,0.10168718341122251,0.010340283270107607,0.00129312295894809,0.18471687825818242,0.03412032511344819
87,37.053676783101245,0.0023721779628569726,0.0013279699836035502,0.2147595640433716,0.04612167034809903,0.00041040115595486986,0.07509278396715201,0.005638926203937362,9.019015808055674e-05,0.013600080224573806,0.0001849621821148435,0.00024639387467505165,0.0341102412437882,0.0011635085577094291,0.0006726216195243034,0.07319193855118401,0.005357059868880296,0.00039315501038689627,0.04312244678171872,0.0018595454164421635,0.0014324441289703686,0.17460451750574235,0.03048673753341309,0.0008396871008351239,0.11952805697982469,0.014286956405372215
88,37.48453348988149,0.001275312512562488,0.0014967140021338733,0.30607732254264647,0.09368332737487525,0.0006933450947336605,0.16042319242749367,0.025735600668628657,5.554295681128359e-05,0.00789558944152487,6.234033262911901e-05,0.0005301297786742303,0.0691847417408812,0.004786528489752429,-0.0003645332975921499,-0.040877375429049526,0.001670959821967462,-0.0005102303267164528,-0.05767123084142376,0.003325970866764788,0.0016909329936405685,0.22683703205024522,0.05145503910936398,0.0014964957851276066,0.23444320509594932,0.05496361641566135
89,37.91539019666174,-0.0018814526375701818,3.628746347368213e-05,0.006683481802178077,4.4668929000045524e-05,-0.0006545815094167663,-0.13640656310533292,0.01860675045820917,0.001085769279711635,0.14920836899648424,0.022263137378591,0.0008651756168983845,0.10915219319454927,0.011914201279180208,0.0009658105939339847,0.11128172963540442,0.012383623350647247,0.0003606197914462822,0.041882115760171174,0.0017541116205483781,-0.0003864178922574575,-0.04889565421109225,0.0023907850007307027,-0.00031605014100408743,-0.04670287500378317,0.0021811585336189952
90,38.34624690344199,0.002602849773921203,-0.000677583124680972,-0.1274209347019731,0.016236094600324498,-0.0011968009186485442,-0.2546393366868856,0.06484119178833708,0.00130288878105893,0.20884060485480627,0.04361439823612132,0.001582353520354928,0.23285398635372753,0.054220978960821925,0.00011900144238830594,0.014505662086986464,0.0002104142325818365,-0.00032110429387980537,-0.03945286955084631,0.0015565289157960958,0.0010184835838145377,0.12235557022661692,0.014970885565480582,-0.0005113188853217626,-0.07173583196607507,0.005146029587864959
91,38.777103610222234,9.115657068071488e-05,6.374942317193368e-05,0.01136087434324677,0.00012906946584304268,0.0002381983694724739,0.04802857002173701,0.002306743538332895,0.0010869647326571398,0.14133210717654124,0.01997476451896134,0.0008480629951837728,0.10123392044405809,0.01024830664847388,0.0004322437490173416,0.04657479439228096,0.0021692114726832466,-0.0002815924171221519,-0.030583721711648783,0.000935364033735577,0.001868724056179515,0.20604059833877744,0.04245272816380141,0.001950230856575385,0.25111244900633256,0.06305746204595795
92,39.20796031700248,0.00047894306278041657,0.0008291348568651609,0.157689998929303,0.024866135762323577,0.0004940442551174056,0.10630904227802077,0.011301612470070006,-0.00048071950125425545,-0.07191304276513433,0.005171485719740039,-0.0003310318867693655,-0.045463023570688085,0.00206688651218894,-0.00010850671387153141,-0.013332976351310507,0.00017776825838460524,0.0010830934358801558,0.13414780599176804,0.017995633852405036,0.00026713415781194996,0.029921488767999074,0.0008952954900934946,6.941648693739767e-05,0.009080107694107267,8.2448355736586e-05
93,39.63881702378273,-0.00036355468136955456,0.0003326305587002258,0.06906083060549378,0.0047693983239207064,6.126807251563062e-05,0.014392268249754148,0.00020713738537288137,-0.0018124264758093021,-0.2645853646088042,0.07000541516517385,-0.0015478118070925274,-0.20744173545181036,0.043032073607258865,-0.0007759173812351645,-0.09809400309171307,0.009622433442557015,-0.00027179916083160745,-0.03463556220141333,0.0011996221690079721,-0.0015774130255527376,-0.2073010557888773,0.04297372773118322,-0.0015653086531896138,-0.24023189730543254,0.05771136448296788
94,40.069673730562975,-0.0016595316101974712,0.00015706017177827432,0.02791837541529561,0.0007794356858293825,5.323556146638299e-05,0.010706592878022158,0.0001146311310557148,-0.00035376213240292736,-0.046920447405576375,0.0022015283847394585,-0.00045981700723624275,-0.05598973265570107,0.0031348501628568792,-0.0005748681778835406,-0.0692091471771449,0.004789906052987703,-0.0003497408164764427,-0.042441302252354283,0.0018012641368756925,-0.000771688705192683,-0.08438123283976838,0.007120192455559206,-0.00029349633715589513,-0.0374783965524077,0.0014046302081395254
95,40.50053043734322,-0.0010065684289307364,4.093439794430311e-05,0.008384224251019458,7.029521629138278e-05,0.00042749884496630456,0.09906832024642247,0.009814532076447717,0.00016609237954803946,0.022836329454668142,0.0005214979429621437,0.0005266044083439225,0.06647121924462025,0.004418422987866374,4.493022834412093e-05,0.005065932788118218,2.566367501373123e-05,0.0007451909182550969,0.0846906573522707,0.007172507442759724,0.001366124995189884,0.17403459133926133,0.030288038982623694,0.0015480546412739793,0.23030640706186994,0.05304104113374773
96,40.93138714412347,0.0005512757372519331,0.0004066151341693536,0.08629124743416157,0.007446179383743695,0.0002455492495330842,0.05895860435984583,0.0034761170280608322,0.0008060243506705927,0.11143745062603222,0.012418305402029367,0.0004885385582360535,0.062008955193580274,0.003845110524199446,0.0005450592519515804,0.0617344600423989,0.0038111435567265476,0.00024674724416923346,0.028169776519050976,0.0007935363091332758,0.0006983579046410264,0.08871491698667135,0.00787033649595199,0.0006547284715805152,0.09713023026189253,0.009434281630728262
97,41.36224385090371,0.00028333518823406664,-0.00022546917284401512,-0.04484891377899052,0.002011425067155326,0.00022435114677078676,0.05049151785198436,0.002549393374997255,0.0006517706318813865,0.09017563402877254,0.008131644972491123,0.00038199985567509296,0.048521048544162074,0.0023542921518249324,-0.0003503322509153554,-0.040006517111354535,0.0016005214113811032,-0.0005570136453871031,-0.06411558537075511,0.004110808287434588,-0.0009720692362993439,-0.12063400137570118,0.014552562287912674,-0.0007404733892571975,-0.10731404969721657,0.011516305262416668
98,41.79310055768396,0.0005956824191498406,6.098152078241728e-06,0.0012398865342666948,1.5373186178558761e-06,0.00011237838826808145,0.025851864261160228,0.0006683188857774537,0.0013991387413877438,0.1849059692860998,0.034190217477632096,0.0011605124054624523,0.1408031914140269,0.019825538712375097,0.00048759656848419974,0.05482835354532276,0.003006148352490907,-2.7217701807031005e-05,-0.003084914758726888,9.516699068610972e-06,-0.0005692126947024455,-0.0652257732324884,0.0042544014937760015,0.00013689345704933693,0.01831900765144265,0.0003355860413336145
99,42.223957264464204,-0.0009375983420585826,-0.00044097939058324194,-0.08770835011833959,0.007692754680481242,-0.0003365033138266581,-0.07572466648414357,0.005734225114134777,0.0008308634776346037,0.12537552336440083,0.015719021858897418,0.0012796265155513306,0.17727148480584767,0.03142517932526988,-0.0001433586586995378,-0.018383762334925315,0.00033796271758701853,8.085818779933766e-05,0.010451572177638096,0.00010923536098437871,-0.00020617136807560854,-0.02530756707831623,0.0006404729514234755,0.00042339801955473334,0.06069395803993794,0.003683756542553748
100,42.65481397124445,7.434328003621983e-05,0.00034725527442402233,0.060338814324488316,0.0036407725140850757,-0.0004006936938872814,-0.07877452692597682,0.006205426092411446,-0.0007923183149535184,-0.11142046015682003,0.012414518941557522,0.0002803781621169917,0.03619778524058042,0.0013102796563231815,-0.0006906334885026593,-0.07989890051335241,0.006383834303242585,0.0007730017174471351,0.0901406698765769,0.008125340365798019,-2.1090688465502486e-05,-0.0021576221352925776,4.655333278704501e-06,-0.0008033066302519805,-0.09597112322253552,0.009210456492595097
101,43.0856706780247,-0.0004736940831347473,0.0004398643246337098,0.0861276569304088,0.007417973288322195,0.0005288609431047682,0.1171630754492537,0.013727186248727515,-0.0005633918803138354,-0.07991826236888677,0.0063869286600622245,-0.0007165361525589509,-0.09331385216602628,0.008707475006063007,-0.00017844363998604205,-0.020402364819333243,0.0004162564902211667,0.0005175462506429017,0.05964523508799188,0.0035575540687018186,0.000564049118853423,0.06931637017096352,0.004804759173678042,-0.0002169388227574193,-0.03113370171555561,0.0009693073825131903
102,43.516527384804945,-0.0011083271379826803,-0.0002632046929285223,-0.052018016483514264,0.0027058740388791616,-0.0005378644811120328,-0.12027030170845372,0.014464945473042492,-0.0006085048426569611,-0.0839094801562328,0.007040800860089228,-0.0019413273015125747,-0.24576402760770824,0.06039995726596238,7.799970551797394e-05,0.0089567482278432,8.02233388169723e-05,-0.0004948509707638482,-0.0572768311527411,0.0032806353868996135,-0.001051080401654177,-0.12692603290032822,0.0161102178278152,-0.001530377511775098,-0.21581813596522767,0.0465774678115055
103,43.94738409158519,0.000979941248646709,-0.0005957448554809907,-0.12757327204660707,0.01627493974067762,-0.0008014391503928523,-0.19417589832509521,0.03770427949035771,0.00016529766088319177,0.02234678476416003,0.0004993787892956949,0.00011366280126370572,0.014107149054640954,0.00019901165444985715,0.0003345852539547529,0.039422521500327844,0.0015541352014438114,-0.0002362713839981992,-0.028060530670035347,0.0007873933814839943,9.834420166718206e-05,0.012304110119632746,0.00015139112583604895,-0.0004304930098983582,-0.06289876932004501,0.003956255181976236
104,44.37824079836544,0.00040125736950555774,-0.0017600359466025486,-0.3426808514702165,0.11743016596435259,-0.0015337631524912517,-0.33787182265746385,0.11415736854587673,0.000908332689761277,0.12638834569457974,0.015974013927412597,0.00045830797776717997,0.05854530380976573,0.00342755259817777,-0.0005548274450871194,-0.0696797978537456,0.00485527422893885,-0.0011107950926130426,-0.14061448200229096,0.019772432548772603,-0.0008230912329052165,-0.10708976471459083,0.011468217706626425,-0.0008226609893423137,-0.1249958188551091,0.015623954731259247
105,44.80909750514569,0.0035616165506148914,-0.00012329755531685302,-0.022675502585082875,0.0005141784174861002,-0.00042952025995703525,-0.08937405954994104,0.00798772252043641,0.0015192107515618189,0.2196880900516999,0.048262856910563805,0.000752896816634685,0.09995315579384428,0.009990633353148507,0.0003214130485560438,0.03754564757821876,0.0014096756520678043,-0.0003137548833087855,-0.03694313456205241,0.001364795191269911,0.0010166363561281092,0.11722332652446132,0.013741308281460477,-0.00024713252110777553,-0.0332776690648811,0.0011074032583917451
106,45.239954211925934,0.00043452929212801764,0.00012423748672825888,0.024636437476018562,0.0006069540515097718,-0.000318093306025021,-0.07136826767155158,0.005093429630438233,0.0007406856122662616,0.11117709068015459,0.012360345492103316,0.00030079279969687857,0.0414497002523009,0.0017180776510055938,0.0013629222696463724,0.1697450619544909,0.02881338605793396,0.0005289868575354182,0.06640764759231842,0.004409975658745554,-6.68497255642769e-05,-0.008383822334073782,7.028847692931435e-05,-0.0006861445963938968,-0.1004922752213761,0.010098697379168802
107,45.67081091870618,-0.0006194727056281669,0.0008723205343083536,0.16646014196848588,0.027708978864168475,0.001023777698989556,0.22103711581629712,0.04885740656838714,-0.0003487837052867,-0.04470867364952005,0.0019988654994992886,-0.0008972574049577088,-0.10559058888077195,0.011149372460188201,0.0003380797597319648,0.03836147923836586,0.0014716030893555745,-0.0002461536250264281,-0.028153316508837276,0.0007926092304467695,7.910547258890679e-05,0.009108963598827053,8.297321784475632e-05,0.0011746126584764299,0.15795439261492691,0.024949590146350474
108,46.10166762548643,-0.0020185360524296865,-0.00043949570792329006,-0.08098199091836088,0.006558082853101484,-0.0004166863863058483,-0.08686973532514951,0.007546350915461526,0.00030308561460855955,0.04126765660608271,0.001703019481757562,-9.165245945962154e-05,-0.011456742960759799,0.0001312569592689192,-3.2666884994742544e-05,-0.003835760127243131,1.4713055753748241e-05,-0.0002534958564537896,-0.030002796358549806,0.0009001677893326095,-0.001051436478519778,-0.1291036919878444,0.0166677632848922,-0.001389471498260363,-0.19924152549876856,0.039697185483076436
109,46.532524332266675,-0.0008530546839602428,0.0003308108804001082,0.06457667871061414,0.004170147433293885,-0.00025114736393738914,-0.055468946675821064,0.00307680404532508,-0.001231422698191043,-0.16949179151285404,0.028727467390236783,-0.0018337675752143285,-0.23171725054915285,0.05369288420205887,-0.0009817634276837793,-0.11416156569525474,0.013032863081991964,-0.0012849626490887992,-0.15060892996669106,0.022683049785711652,-0.000760028141666156,-0.086010653014838,0.007397832432038861,-0.0014646022068448203,-0.19356055104483638,0.037465686920780714
110,46.96338103904692,-0.0007910640792263654,-0.000206086650038907,-0.04250610962612837,0.0018067693555484429,-0.00033816319025002683,-0.07891384515764058,0.006227394957564071,-0.0007867079616474069,-0.12220203703894289,0.01493333785646717,-0.001289964268063583,-0.18395650185571544,0.033839994574991844,-0.00036899555361386656,-0.044639562081747894,0.0019926905028502247,-0.0002486941731682155,-0.030325750328122254,0.0009196511329636069,-0.0003092690585312236,-0.040522689516007654,0.0016420883656107564,-0.0009630072175468519,-0.14735535592989968,0.02171360092122742
111,47.39423774582717,-0.0016968635679923466,-0.0008721176221364746,-0.1690986058349746,0.028594338495332106,-0.0006402969550495685,-0.14046618155957705,0.01973074816192806,-0.0008701523992421037,-0.11428930887381149,0.013062046122853485,-0.001179805757470291,-0.1422634568736079,0.020238891161628893,-0.0001827250226218414,-0.020010912866144554,0.00040043663373642954,-0.0007024874846421446,-0.07754514645277111,0.0060132497383817195,-0.0009949706310705575,-0.11961236255047832,0.01430711727490707,-0.0011457125438738061,-0.1608481494691074,0.025872127187636314
112,47.825094452607416,-0.0007400842122100467,0.0003479642367614521,0.06224284520286718,0.0038741717789480858,0.0004977696290713126,0.10074154260372527,0.010148858406178192,0.00013048172827301755,0.01894457659004418,0.00035889698217605,-0.00037713952344236126,-0.05027010733846737,0.002527083691821031,0.0007316005404556604,0.07976588624779647,0.006362596608896406,0.0013887750397407036,0.1526237893994508,0.0232940210906479,-0.0007629712998674266,-0.09005096743082301,0.008109176735227146,-0.0009528550116256394,-0.1313353384546663,0.017248971127001748
113,48.25595115938766,-0.0013487730092443526,-0.00015885427803580927,-0.027347234949784142,0.0007478712593986953,0.0009334148829373689,0.18180867558949373,0.03305439451960578,0.0008304799049207019,0.11812025520098493,0.013952394688745809,-0.0005882483481802726,-0.07681190327988366,0.005900068485478202,0.0013260935938943844,0.14520365985892789,0.021084102836427223,0.001897606265325352,0.20943856038226064,0.043864510574993826,-0.0008349037504964637,-0.11305396304272827,0.01278119855966657,-0.0006888417640572541,-0.10892898154587924,0.011865523020622501
114,48.68680786616791,-0.0009312093137045919,0.00023599526232943104,0.04142044261506018,0.0017156530664274934,0.0006755952865050984,0.13416011968501562,0.01799893771389771,-0.00039149262605615604,-0.052604148818989664,0.0027671964729704115,-0.0014464585223883755,-0.17843290979908197,0.03183830329936732,-0.0009080792782394279,-0.09570626777009351,0.009159689690480838,-0.0007825315363934208,-0.083131499922955,0.006910846279440269,-0.0007579410803204824,-0.08764534381977658,0.00768170629328685,-0.0010198085838840768,-0.1377167165677508,0.01896589402220221
115,49.11766457294816,-0.0001217917540758997,-7.579948073470619e-05,-0.014756137333571777,0.0002177435890072308,0.0003021503367835045,0.0665510506043546,0.004429042336543366,-0.0006561821867868831,-0.09306722300255836,0.008661507997407928,-0.0009712375890170268,-0.12646500420648446,0.01599339728894613,-0.001262334009504783,-0.1433072520050064,0.020536968477226417,-0.0013557423996251089,-0.15513800996743252,0.024067802136655186,-0.00024986449357278755,-0.03210181898729363,0.0010305267822929658,0.00033210844473359653,0.04982870589698263,0.002482899931367991
116,49.548521279728405,-0.0009127283754364591,0.0004987725916101789,0.09554608446988691,0.009129054257526763,0.000632466298077631,0.13707967859326212,0.018790838283232043,-0.0012385624621570747,-0.1676328144800442,0.028100760490500917,0.0003077369136373105,0.03823783359037233,0.0014621319176850065,-0.00024703228516961026,-0.028393344626042996,0.0008061820190532445,0.0005325177024777484,0.06169415781940428,0.003806169109045562,-0.00012596312983108047,-0.015075349804653065,0.00022726617173265317,0.0006980513739941068,0.09756317728463626,0.009518573561873364
117,49.97937798650865,-1.365894029394079e-05,1.3899982321847234e-05,0.0025926676600052244,6.721925595236964e-06,0.0001923438065444574,0.04059160131920121,0.0016476780976569774,-0.0009194063079117327,-0.13386513838745914,0.01791987527549359,-0.00039683623596892834,-0.053044931835718644,0.0028137647934560373,0.0006343056265950502,0.07883466846899803,0.006214904952616832,0.0010285717330703501,0.1288547460432525,0.0166035455778711,-0.0003538178820912437,-0.04351306801526247,0.0018933870881008578,3.456372592205597e-05,0.0049640377286245254,2.4641670571207737e-05
118,50.4102346932889,0.0015436209501058164,-8.275561211533272e-05,-0.017535386876132368,0.0003074897928956353,0.0002384076397031591,0.057156212199758354,0.0032668325930238057,-0.0004603304015221509,-0.06945238370625655,0.004823633602481088,-0.0001071213947292464,-0.014837689493943861,0.00022015702951869206,0.00045982796953265213,0.055286906988091515,0.003056642084309883,0.0002462624700775861,0.029845048830031164,0.0008907269396669446,0.0007311460316828645,0.090144795226025,0.008126084106341983,0.0009811122016369367,0.1412634472520575,0.019955361529534834
119,50.841091400069146,-0.0021781666570850236,0.000822246652777886,0.13564866825294136,0.018400561198796545,0.0008583728083090711,0.16021926933603567,0.025670214266573142,0.00010702092956669702,0.014989512912192212,0.00022468549734477704,2.0792182799288815e-05,0.0026735693154853473,7.1479728847047885e-06,0.0011448608011205025,0.12836482746587935,0.016477528930344973,0.0009401064738452669,0.10624721416746187,0.011288470518346512,1.2413812033141517e-05,0.0013860624194398845,1.9211690305835464e-06,0.00011293127413035414,0.014725377779698772,0.00021683675075484632
120,51.27194810684939,-0.001697557040114471,0.0007545384393836726,0.13820052829295917,0.01909938602045301,0.001230088124993748,0.2549117971701431,0.06498002433651216,0.0005084082977723145,0.0792209816275251,0.006275963930028668,2.694199944244368e-05,0.0038541620776922146,1.4854565321120769e-05,0.0008214823926697564,0.10269959543569632,0.010547206902655697,0.000635077855644856,0.08002848504696584,0.006404558418912434,0.0005774470373862514,0.07064178466915086,0.004990261741242676,0.0011212447460425055,0.16018598644582535,0.025659550253622137
121,51.70280481362964,0.0010971872469830869,0.0008327805373810886,0.16201621773759092,0.026249254809994467,0.00017931966292663882,0.03947128011756505,0.0015579819541192861,0.000857567104713137,0.10463369218980177,0.010948209541270184,0.000463109874606551,0.0518752305518566,0.0026910395448082767,0.0008590533874066448,0.08494240901246652,0.007215212848841155,0.0006450141524436923,0.06428665298576045,0.0041327737521115815,0.0006108111274057145,0.07328099598285132,0.00537010437223867,5.090408980788402e-05,0.007132005895670474,5.0865508095878395e-05
122,52.13366152040989,0.0014783106448452007,-6.504346226061718e-05,-0.011870801465189464,0.00014091592742594434,-7.683956613470254e-05,-0.01586670218288774,0.0002517522381604546,0.0006918190858818572,0.09801049003491398,0.009606056156883973,0.00018447834847646683,0.0239937420304554,0.0005756996566240421,0.001203309756179368,0.14242855557258563,0.02028589344249311,0.0004817960642214639,0.0574817567592278,0.003304152360127031,0.001409716163928998,0.1601280390223499,0.025640988881143207,0.0012723131307461062,0.1687735202667087,0.028484501143217135
123,52.564518227190135,0.0002569495884534589,-0.0002193444514700037,-0.04494498375947157,0.002020051565139163,-0.00022876378338672592,-0.05303556752127386,0.002812771422303599,0.0018196878121805116,0.27080156836299274,0.07333348942785665,0.000690023995866335,0.09427380683230506,0.00888755065465477,0.0006355267553746234,0.07835822459109304,0.006140011361068179,-0.0001941448299574725,-0.024128133711249018,0.0005821668363879111,-0.0007910567493435564,-0.10077797194437364,0.010156199629220958,-0.0009485135743070084,-0.14111595477927674,0.019913712693266878
124,52.99537493397038,0.0018020655402876458,-6.690484519584359e-05,-0.012202648541793405,0.00014890463143453275,-0.0007115884508525034,-0.14684217170415578,0.02156262339079277,0.001383219592238497,0.18641426310454354,0.03475027748880998,0.0010702151774369152,0.1324133198132741,0.017533287263972405,0.0006574143338045841,0.07505853091239861,0.005633783062727499,-0.0004765006451164627,-0.0548367283969582,0.003007066781281761,-0.00027530804049294584,-0.029896960232109176,0.0008938282311203175,-0.0003463123305259214,-0.04391882245238062,0.0019288629656037321
125,53.42623164075063,-0.00023286171029003472,4.797114109452226e-05,0.00898338705958953,8.070124306240062e-05,-0.00014796732353690315,-0.031350989776011376,0.0009828845599355698,0.0002507915238394018,0.03471102881388938,0.0012048555213186583,0.0006214010712847096,0.07895855488889827,0.006234453390143161,0.0007797757247690589,0.09407904069928437,0.008850865898897602,7.220894298073969e-05,0.008781350451946446,7.711211575990003e-05,0.0005457225047994684,0.06228006998970703,0.003878807117922806,0.0002881916506055581,0.0384090191279741,0.0014752527503730799
126,53.857088347530876,-0.001082362740554822,0.0008639028557411712,0.16702872417642697,0.027898594700004917,-0.00015181245620805007,-0.033209247605390665,0.0011028541265161458,0.0007166876030889736,0.0898470053153713,0.00807248436414036,0.0010610646007642814,0.12212036721180163,0.014913384087945273,0.000638831494292063,0.06826344254485885,0.004659897588075244,0.0002998126460570093,0.03229229917634058,0.0010427925860942862,0.0007314128197285523,0.08652682720625045,0.007486891826380324,0.00037872133172142425,0.05232178751129859,0.002737569448377481
127,54.28794505431112,1.1348752816493279e-05,-3.522149975058007e-05,-0.007248545869423954,5.254141722114306e-05,-0.0002064266534770757,-0.048065580763042765,0.0023103000540885873,0.0003384123719063142,0.041595242671737385,0.001730164212920723,0.0003004069526959837,0.033898460263829235,0.0011491056082584094,-3.59221922030998e-05,-0.003986931063473064,1.5895619304886453e-05,5.329838426244e-05,0.0059626194230472775,3.555283038410064e-05,0.0008690201163498841,0.10298938254966764,0.010606812917961783,0.0006883729727325064,0.09527106698590793,0.009076576204633355
128,54.71880176109137,-0.0001807516150776941,-0.001143124617425877,-0.20317700895014434,0.04128089696592703,-0.0008720791577168561,-0.17537281272741878,0.030755623443926308,-0.0005706035836828031,-0.08086608747715884,0.0065393241038635055,-0.0008831850892255039,-0.11490957711544872,0.013204210912851257,-0.00023578902502681938,-0.0281622910203407,0.0007931146355143624,0.00015224018649268606,0.018328243887949278,0.00033592452401615006,-0.0004344720382812948,-0.05521190707859217,0.0030483546832550962,-0.0008018526234021943,-0.11899811044909062,0.014160550290453969
129,55.14965846787162,0.001002821098883114,-0.000936017849801725,-0.1747126609195086,0.030524513885575182,-0.001027771036869468,-0.21705110314424228,0.047111181376132495,-0.0010041676696349807,-0.1324180130757576,0.01753453018693151,-0.0010988240260066673,-0.13302753416354662,0.017696324845633563,-0.0008262835699550201,-0.10098929665358576,0.010198838038585949,-0.00015883482662391432,-0.019567670028968268,0.00038289371036258303,-0.0006549976560463534,-0.0809492707499723,0.00655278443495232,-0.0014599528750669944,-0.21071071774644634,0.04439900657322257
130,55.580515174651865,0.0002571199492149627,-0.0005930887457909901,-0.10861987666956521,0.011798277607711558,-0.0010482177955525671,-0.21720335329763943,0.04717729668373916,-0.0007122940499021732,-0.10772302251370992,0.011604249579489257,-0.000622390761385458,-0.08641416009356465,0.007467407064676221,-0.0005954226944970665,-0.06884133569647867,0.004739129500475268,-0.0002125747825936462,-0.024773239459444714,0.0006137133933149885,-0.00027674449446826293,-0.030604827028398722,0.0009366554374382049,-0.0015708716247501173,-0.20287392350407937,0.04115782883793905
131,56.01137188143211,-0.001356724579617716,-0.0004540355544455274,-0.08780951255428124,0.007710510495020474,-0.0008115948762388023,-0.17758912822517536,0.03153789846377778,7.433476889960684e-05,0.010839915232861387,0.00011750376225562033,-0.00023197275155667678,-0.0310558504135922,0.000964465844911415,0.0006131644385022129,0.07382764811076237,0.005450521625566554,0.0001974641171573275,0.023964998973888554,0.0005743211758184796,-0.0010172103033138996,-0.1290297449682025,0.01664867508655938,-0.0011247647194424712,-0.16661548731524242,0.027760720613295705
132,56.44222858821236,-0.0015483231894357484,-0.0006971139461948552,-0.1414303105904821,0.02000253275372024,-0.0006408367946554036,-0.147099615870368,0.021638296989209813,-0.0025745915275350697,-0.33041031557304934,0.10917097663708206,-0.0022037592612180012,-0.2596462019399816,0.06741615018185772,-0.0013648734041958952,-0.1510599819656977,0.022819118151476917,-2.8428559215526272e-05,-0.0031714586961873203,1.0058150261622178e-05,-0.0021953095616972884,-0.2585864893965722,0.06686697249844355,-0.0016715631810392435,-0.22993625392236855,0.052870680867851946
133,56.873085294992606,-0.00236431628923579,-0.0009409722114427048,-0.16856110480321285,0.028412846052479707,-0.0004505639282346337,-0.09131925624162661,0.00833920656052386,-0.002222469780279264,-0.315757658990688,0.09970289921127959,-0.0028069204430926776,-0.3661176739096665,0.1340421511490249,-0.00040620183705927104,-0.046915102411233735,0.002201026834256549,2.914003628152685e-05,0.003392407590342396,1.1508429259012701e-05,-0.0026727118129063272,-0.32791201967539624,0.10752629264759743,-0.0024204101358520492,-0.34679175203076523,0.12026451927656776
134,57.30394200177285,-0.0015228099817042933,-0.0007105745650023906,-0.13695470282821867,0.018756590626765685,-0.0006235400649355077,-0.13597436240868663,0.018489027232448853,-0.002382832070804884,-0.3241752981617572,0.10508962393826417,-0.0019447096343274642,-0.24289233493955315,0.058996686372388064,-0.001351462464313185,-0.15040908653511775,0.022622893312328547,-0.0006890367811999431,-0.07729646693774907,0.005974743801058534,-0.0009977329020394218,-0.1210370023417313,0.01464995593587227,-0.0009634126944805844,-0.13648685403817865,0.018628661325239083
135,57.7347987085531,0.00022850811555329018,0.001032855602447719,0.18045649413788986,0.03256454627653828,0.0007406869028337829,0.1464174863272733,0.02143808030239727,-0.0003636252782155146,-0.052489591148034455,0.0027551571788878167,0.0001529268509385846,0.02026634496979003,0.00041072473843453374,0.0016272835487531432,0.1985847379534202,0.039435898148028566,0.0014136917323177441,0.173893962956859,0.030239110352841454,-0.0015256534570303945,-0.1827606286831702,0.0334014473966676,-0.0009163432454712798,-0.1281915866040377,0.016433082876060497
136,58.16565541533335,-0.0009702416264843564,-8.789596337423753e-05,-0.016815236150454566,0.00028275216679555414,0.00024296591893420235,0.052590194189448804,0.0027657285248839348,-0.001535298525132459,-0.21721968275773923,0.047184390577372864,-0.00196104205891983,-0.25472162245640123,0.06488310494682138,-0.001049134694334759,-0.11963102388617178,0.014311581876053801,-0.0005131861198720628,-0.058984054841183804,0.0034791187255077778,-0.0015934827132535628,-0.20406648037218433,0.04164312841149109,-0.0018236120348377534,-0.27272902583380126,0.07438112153225422
137,58.596512122113595,-0.0014197106851466818,-0.0015687592915144028,-0.29157677701384593,0.08501701689378202,-0.00046826135140263565,-0.09847144464315412,0.009696625410109768,0.00015442232606007874,0.02077431064222469,0.00043157198265965,-0.0009397490072708177,-0.11606491798767807,0.013471065187486439,-0.0007857305645561466,-0.09093463721755919,0.008269108245889101,-0.0006488540657955841,-0.07569198142161558,0.005729276051530199,-0.001692550777855591,-0.2160438014969796,0.04667492416526632,-0.0007161222982920159,-0.10674852786379459,0.01139524820108733
138,59.02736882889384,1.360572755934777e-05,-2.2379889988482952e-05,-0.0039633799015273965,1.5708380243831314e-05,0.0008124294711235384,0.16278665518692415,0.026499495106946533,0.00014651532003334057,0.02200452691199241,0.00048419920462059823,-0.001175620520228928,-0.16209466363787883,0.02627467997987708,-0.0009621096681601549,-0.10930668736518426,0.011947951902750132,-0.0009454496744392869,-0.10826989689072941,0.011722370572729178,0.0006509091494596602,0.08121993118832478,0.0065966772222362125,0.0006297451766034881,0.09176597530627446,0.008420994223911774
139,59.45822553567409,-0.0004078090335483688,0.00043712836155251276,0.08088870341047336,0.006542982339427522,0.0010443398653129604,0.21864830786037642,0.04780708253020594,-0.0011207088971520547,-0.1697622937410315,0.028819236376216258,-0.0010590444656301168,-0.14727708223484248,0.021690538951608555,-0.0009436949979425675,-0.1052760595604387,0.011083048716573037,-0.0007647132379405419,-0.08598916444472571,0.00739413640190208,0.0004475397820196801,0.05320971437687223,0.002831273704068323,0.001139084182511742,0.15815746554820073,0.0250137839086303
140,59.889082242454336,-0.0016237833177594006,0.0005756552359058767,0.1033465664738817,0.01068051280194045,-3.1735972280510914e-06,-0.0006446303912875322,4.1554834137151686e-07,0.0008440830735185013,0.10770774861296371,0.011600959111273389,0.0016172022797549003,0.18945176832164193,0.03589197252019709,0.000923574509785115,0.10060695369679139,0.010121759132148328,0.0010014393328358529,0.1099582598963708,0.012090818919437828,-0.0002471735957103196,-0.030984376181099144,0.0009600315673318639,0.00010591716637250874,0.015505351956300385,0.00024041593928874816
141,60.31993894923458,-0.0016929477021470742,0.0003820724387852167,0.0776225267090751,0.006025256652701076,0.00013592429235605548,0.031243848322146245,0.0009761780579772809,0.0008177767849915951,0.11512245895489569,0.013253180555821644,0.0012731231881802805,0.1645387788211606,0.027073009735958817,-7.620156864350556e-05,-0.008709761870251636,7.585995183648927e-05,-0.00024368715361468589,-0.028075154670142526,0.0007882143097524258,4.8206930775086534e-05,0.0059758589790160944,3.571089053708728e-05,0.0005213814794080879,0.0754781161983934,0.005696946024858175
142,60.75079565601483,0.0028702548914323733,-0.0005080752265270604,-0.09623587815714993,0.009261344244677807,-0.0005524041165259242,-0.1183835272354337,0.014014659520702672,0.00029325636222389333,0.03880442223769702,0.0015057831852014752,0.0016758855352861214,0.20358730478032439,0.0414477906677167,0.0010114805030385786,0.11331104416622509,0.01283939273004021,0.0013243727877357125,0.14954507914211015,0.02236373069561999,-0.00023164123479287133,-0.028522445112148978,0.0008135298751755512,-0.0004300637456137118,-0.061841257022534644,0.0038243410701271903
143,61.18165236279508,0.0013218486516099349,-0.0009439768864473268,-0.1614898420181477,0.026078969075046303,-0.0011596640665968942,-0.22446127451104503,0.050382863755122714,0.0009069948913869426,0.12748136113308126,0.01625149743634308,0.0016971749047379563,0.21899843642625372,0.0479603151571439,0.0018110333107712717,0.20534712663877996,0.04216744241880314,0.0013057568237838729,0.14923532939158307,0.0222711835386143,0.00024046111036946726,0.02626484570797657,0.0006898421200638153,-0.00012910903456412007,-0.016468772614541733,0.00027122047142947973
144,61.612509069575324,0.0005092203090649911,0.00047342541575861447,0.09027580244608462,0.008149720507284498,0.0008792126220446213,0.1896876593730301,0.0359814081184187,-0.00027872244222055354,-0.03778451586903679,0.0014276696394574932,-0.0001747545850032067,-0.021749188840928482,0.0004730272152383681,0.00010560521689413712,0.012352077856610738,0.00015257382737577334,-0.00048629866800823534,-0.057333028110972316,0.0032870761123735418,-0.0003609006275943829,-0.039927697539449684,0.0015942210308017761,0.0011966588891975877,0.15460786924576622,0.023903593232715948
145,62.04336577635557,0.001728149587614544,0.0011951745797949566,0.2290909299440471,0.05248265418262829,0.0010996058392822778,0.23847285999587403,0.05686930495461173,0.00014891690552019447,0.022575090872104728,0.0005096347278837861,-0.000201335390246606,-0.028020648790356147,0.0007851567586324874,0.0015408729797575242,0.18495100003683884,0.034206872414626756,0.00030781924482070573,0.037241980235097595,0.0013869650918314001,0.0009085156712074006,0.10770679278351693,0.011600753211711452,0.0010144919890548183,0.14045392720262162,0.01972730566663933
146,62.47422248313582,-0.00040405755530763585,0.0009945250626621823,0.1922729968888097,0.03696890533260423,0.0010007785509056667,0.21891016455558804,0.04792166014575464,-0.0005609517306767153,-0.08238711878886623,0.006787637342330755,-0.00017510842546669174,-0.023610948157073423,0.000557476872876009,-0.0001933685058072278,-0.021883363096812113,0.0004788815804269182,-0.0007956593068931788,-0.0907617006141255,0.008237686298368149,-0.00011938512253485601,-0.014600719393146427,0.00021318100679740216,0.0007665766850272126,0.10948490483374952,0.01198694438645519
147,62.905079189916066,-0.0006591402425071811,-0.0009096563363717899,-0.17583528866228024,0.030918048738947417,-0.0002783614865359835,-0.06087839749861363,0.003706179281999206,0.000281439229619986,0.038175235602097804,0.0014573486132756757,0.0011948636555907687,0.14879488626619816,0.022139918178970843,-8.957882846103984e-05,-0.010951641805526373,0.00011993845823655294,0.0004666665714189192,0.05750792497860488,0.003307161435344847,-0.00023948478052805927,-0.029825846123618778,0.0008895810969897851,7.657243101748316e-05,0.01113683751274803,0.00012402914978535174
148,63.33593589669631,-0.0012486899382034775,0.00029337387573162213,0.05529664527373497,0.0030577189785292763,0.0008871954220499769,0.1892003839768758,0.03579678529699724,-4.2027289938716044e-05,-0.00636638506444148,4.053085878874355e-05,0.0007194394436514255,0.10005258716847938,0.010010520199106166,-0.0001581780458573025,-0.018370852294573994,0.00033748821402905445,0.0005753072942274252,0.06734884193591904,0.004535866510109409,0.000941831791954226,0.11562389508260405,0.013368885114073031,0.0019249630325526115,0.2759759500003771,0.07616272497861062
149,63.76679260347656,0.0013259176417189742,6.30329212778192e-05,0.013885254884279243,0.0001928003032014006,0.0006237284619268853,0.15545595338226978,0.024166553441990434,-0.00026454928802043844,-0.03669764629521895,0.001346717243608997,0.000630448503546322,0.08028858303675764,0.006446256566050326,-0.0005796831915644552,-0.06796028821615295,0.004618600774422578,0.0007749019881222704,0.09157110015998211,0.008385266384509475,0.001149667842781149,0.14185571386916682,0.020123043557330928,0.001225345431224878,0.17656620369369055,0.031175624286801828
150,64.1976493102568,0.0014230767514273226,-3.9984572164527815e-05,-0.008156460796909897,6.652785273152802e-05,0.0003006899858493094,0.0693990682284152,0.004816230670972228,-0.000578615507664066,-0.07932142255084032,0.006291888075488959,-0.0008513319027506029,-0.10714499657377914,0.011480050290795143,-0.0007432888251551778,-0.08870717048912591,0.007868962096186852,-4.717727838382477e-05,-0.005675199840757158,3.220789323253007e-05,0.0003285247485932451,0.0417399577938182,0.001742224076629725,1.0904780216259771e-05,0.0016179884787123023,2.6178867172457505e-06
151,64.62850601703705,0.0015127568840235467,-0.0004166710679203659,-0.0839190411712396,0.007042405471100209,-0.0004288299258326756,-0.09771868802662687,0.009548941989645229,0.0003508637697824384,0.04780088385292256,0.0022849244971205928,-6.993454519007344e-06,-0.0008747052200161635,7.651092219235251e-07,0.0005879149919531223,0.0740169103407836,0.005478503016395598,0.00018224896825481398,0.023127497814079453,0.0005348811551402499,-0.0008898129482997931,-0.11692114386331781,0.013670553882306662,-0.0008197505910173685,-0.1257913177587488,0.015823455623482512
152,65.0593627238173,0.0012587400038181794,-0.00038874185313095554,-0.07121473923816304,0.005071539084759559,-0.0005372639453491857,-0.1113580609116738,0.012400617730008053,-0.0010509521061313912,-0.15268746783073142,0.023313462832560642,-0.000741517213908174,-0.09890409357052488,0.00978201972500714,-0.0013843917247769054,-0.16254522832077312,0.02642095124985226,-0.0007650394876283283,-0.09054119761305135,0.008197708465205617,-0.0013733350204533652,-0.16069459510355544,0.02582275289549562,-0.0007470370853649889,-0.10208020439052301,0.010420368128410953
153,65.49021943059755,0.0016773164797077424,-0.0001959493862385962,-0.037114466541707636,0.0013774836266755356,-0.0003937184173971537,-0.08437434629611344,0.0071190303128964745,-0.0020714459824036843,-0.25040108824535895,0.06270070499446004,-0.0021440798295928364,-0.23794474200524937,0.05661770024794469,-0.0006590328770936679,-0.06991883700448415,0.004888643768059622,-0.0006524898913214941,-0.06977631910385604,0.004868734707683144,-6.5401241730865284e-06,-0.0007770919045858604,6.038718281728799e-07,-0.00044619162471025133,-0.0619130784521159,0.0038332292834178583
154,65.9210761373778,0.0002693760597219468,0.0004299102437358818,0.0850578038200874,0.007234829990696474,-0.00023512215110962136,-0.05263265683346086,0.002770196565348854,-0.0016203206546314191,-0.2254216789047065,0.050814933320216596,-0.0015832468714291204,-0.20221618474334527,0.04089138537215474,-0.000648819829008774,-0.07499878939550483,0.005624818410791288,-0.0007508485254175946,-0.08748419981175964,0.007653485216703889,0.0005660251212974943,0.06819815864457078,0.0046509888425100435,-0.00010946958286951298,-0.015402988796926975,0.00023725206387825785
155,66.35193284415804,0.00022613188189638802,-0.0006861028446280298,-0.13605690536627413,0.018511481497847274,-0.0006332004194859306,-0.14206854668115726,0.020183471956096165,-0.00017107756699791504,-0.024594036380724597,0.000604866625496405,-0.0007164809060770127,-0.09456140770022092,0.0089418598262474,0.0010874622565984996,0.1435289206168413,0.02060055105343553,0.00035190045198595787,0.04681577353113761,0.0021917166513187652,-0.0018628334145822296,-0.23774710972167662,0.05652368818101094,-0.0018641747022627858,-0.2778449006530515,0.07719778881890406
156,66.78278955093829,-0.002626415963994095,-0.00112508032893052,-0.20012605162458857,0.04005043653884749,-0.0007920734882915393,-0.15940830646125267,0.025411008168844652,-0.0018124229674693515,-0.22829551523434508,0.05211884227611508,-0.001531878370338615,-0.177147353636664,0.03138118490047329,-0.00043734166576360006,-0.047996511014490026,0.0023036650695640627,-0.00024186553091079703,-0.026755307478673676,0.0007158464782783715,-0.0026295633211241435,-0.3135494381186187,0.09831325014450151,-0.001884420467731927,-0.2624066278405349,0.068857238334641
157,67.21364625771854,-0.002140926786465211,-0.0005117199036302189,-0.10218369485361548,0.010441507493936802,8.163351553978505e-05,0.0184434926826811,0.0003401624223361113,-0.002097194658921332,-0.28150917335157427,0.0792474146810867,-0.0017760728538771915,-0.21887045798271715,0.04790427737756434,0.00010861794281754198,0.012779670252586769,0.0001633199717648511,0.0003298079175696935,0.03911346623912227,0.0015298632412389576,-0.0015650477730903133,-0.19538526127315847,0.038175400322780405,-0.00034707171497726295,-0.05060087382848048,0.002560448432205801
158,67.64450296449878,-0.0012717441146215386,-0.0015441696226562776,-0.2917838223187046,0.08513779896691338,-0.0009211963873010929,-0.1969444768211784,0.038787126950367685,-0.0005079793390817772,-0.07141789982617379,0.005100516415581393,-0.00012487992554006513,-0.016118559213401735,0.00025980795111593794,0.0008537574462155369,0.1063369882906481,0.011307555078725431,0.0008739243855259018,0.10971622636840002,0.012037650328521995,-0.0019121028661568497,-0.21597001473102853,0.04664304726292067,-0.0017813585397954085,-0.2349676857728985,0.05520981335747158
159,68.07535967127903,0.0009835719411263905,-0.0006587599927736458,-0.13021525059809444,0.016956011488324534,-0.0007315946120939618,-0.16361778481326666,0.02677077950720044,0.0002370310794606789,0.031713635353841585,0.001005754667356431,0.00022681807507949863,0.02786063150632504,0.0007762147879312314,8.183376259075843e-05,0.009874888979935771,9.751343236605692e-05,-0.0003668980402258404,-0.044626440343430704,0.0019915191777257796,0.00025734021784947365,0.03098186298791646,0.0009598758342020278,0.0001982906935008931,0.0278789742254686,0.0007772372038643426
160,68.50621637805928,-0.0004579506195007441,-0.0003868838680142935,-0.07587860911790971,0.0057575633216685315,-0.00018536777875421146,-0.041133755409155606,0.0016919858340602384,-0.00043144054096525653,-0.062393587666548796,0.0038929597819033104,-0.0008455492459338441,-0.11226140544980515,0.012602623153565543,-0.00039577164605233495,-0.04804861900726729,0.002308669788505527,-4.322689005357342e-05,-0.005289777155744413,2.7981742357435447e-05,-0.0005421064664288218,-0.06561058213491752,0.004304748488082759,-0.0008320489576619143,-0.11760147752648349,0.013830107516412003
161,68.93707308483953,0.0007506887264885629,-0.0004176429931279252,-0.07678472874554947,0.00589589456852761,-0.00012485535395560834,-0.025971808989807037,0.0006745348622030216,-0.00027738866390775174,-0.04129929238226928,0.0017056315512761651,-0.0009170513049906153,-0.1253487757994825,0.015712315594428927,-0.0006550358056013167,-0.08434045268916808,0.0071133119598137985,-0.0004395740487067058,-0.05704926915446333,0.003254619111058401,-0.00031849966141649934,-0.040087644230311185,0.0016070192199360018,-0.0008604063016479315,-0.1264677339517927,0.015994087730901416
162,69.36792979161977,-0.0011267826213749914,-0.00013330862890113216,-0.02556211260126197,0.0006534216006395961,-0.00023979919829937755,-0.05202493950943945,0.0027065943309608335,-0.0010069414198767993,-0.15723278872643703,0.02472214985069238,-0.0011264136333746563,-0.16147651640432173,0.026074665350075184,-0.0017485894915142952,-0.20888923255354655,0.043634711476809654,-0.002209862351526897,-0.2660973600294215,0.07080780501462758,-0.00034419328032680405,-0.04054669350673226,0.0016440343543288843,-0.0003580103115831856,-0.04925192238418893,0.0024257518585381705
163,69.79878649840002,-0.0016670506347239511,-0.0006714357027206205,-0.1296610653687375,0.01681199187255602,-0.0002903100778788891,-0.06342969784207458,0.004023326568336882,-0.0005499693544687071,-0.07993725539702176,0.006389964800408686,0.0005265296234711206,0.07025967147376745,0.0049364214356017325,-0.00038097409914187403,-0.04279017762476722,0.0018309993011591294,0.0003489419018572581,0.03950471335028985,0.001560622376888569,-0.0009808389521144337,-0.12459432470922381,0.015523745749747497,-0.0006574749746065831,-0.097533627478378,0.009512808489091012
164,70.22964320518027,0.0007593016446069293,0.0003461235893044141,0.06358081487321061,0.004042520019941479,0.0010338882704779354,0.2148789506163527,0.046172963417984936,-0.0003460637409628389,-0.05168676522213517,0.0026715216991281213,0.00047238711523910786,0.06477297730038772,0.0041955385883565436,9.256180956304643e-05,0.01097656321548991,0.00012048494002364621,0.0003566945467176231,0.04263616839539225,0.0018178428554402452,0.0014744117394760404,0.18185881124276324,0.033072627226630985,0.0022995270547378583,0.33122925308347295,0.10971281809823538
165,70.66049991196051,0.0011461603282178754,0.0016195201343557745,0.3083156214292961,0.09505852241733304,0.0018488525149805584,0.3982326113286692,0.15858921272565088,0.00029100115290221686,0.04104822492973499,0.001684956769882117,0.00022207040314584016,0.02875828044768278,0.0008270386943075737,0.001293061457494169,0.146881783720826,0.021574258389011503,0.0012255741212575913,0.14032514695079965,0.019691146866763515,0.003025622439249817,0.38997659226150116,0.15208174251189313,0.002900815441057979,0.4366349545910956,0.19065008357076807
166,71.09135661874076,0.0015360361713327743,0.0010798768895065006,0.1992604697560797,0.03970473480741355,0.0011870631775820603,0.24782556876757184,0.061417512534970485,0.0004276234456215722,0.056943945839768736,0.003242612967802515,0.0002667619931436761,0.032612385282729806,0.0010635676738292115,0.0004132116955184801,0.048080892751823374,0.002311772247812342,-0.00019417231070311503,-0.022773740574400476,0.0005186432597500945,0.0011792318398615867,0.140203589562273,0.0196570465261463,0.001398358006886387,0.19415693315121574,0.03769691469068565
167,71.52221332552101,0.0003925366809671529,0.0001999585305472328,0.04398237204885347,0.001934449051043767,0.00030040312970991135,0.0747598703520117,0.005589038215049598,0.0009490854411688002,0.14563483686536835,0.021209505708802458,0.0005704903949571384,0.08036757437903265,0.006458947011569345,0.0008894215674819328,0.10062503351302156,0.010125397369496709,0.00043253064088790425,0.04932446835919746,0.0024329031789174713,0.0005310372398235359,0.06635521679769465,0.0044030147962690605,0.00027554636869146055,0.040208639695901854,0.001616734706194854
168,71.95307003230126,0.0015717377446429917,0.001057249341361624,0.17656092809269622,0.031173761328954247,0.00017169513757838494,0.03244147195082005,0.0010524491023358438,0.0016318211761877355,0.2541412914306952,0.06458779601006155,0.0018834568284124393,0.2692966181602484,0.07252066855254664,0.00021147628961015063,0.026189268610986936,0.0006858777903784257,2.551996015754024e-05,0.003185582321856597,1.0147934729325267e-05,0.0010546020276231307,0.12466318909430024,0.015540910715161262,-8.992943844318199e-05,-0.01241441062273136,0.00015411759110978528
169,72.3839267390815,0.002357049826626339,0.000910753338508904,0.1603218868197699,0.025703107393451104,0.0006077282350396522,0.12103941968229978,0.0146505411170279,0.0020021010598066874,0.284446319255497,0.08090970853800011,0.002155375283066944,0.2811316767370966,0.07903501966501139,0.0011481098726657387,0.1313530595429928,0.017253626251305013,0.001471110096250501,0.16964812740253968,0.028780487131188335,0.001429272322712854,0.17567587795567283,0.03086201409549645,0.0014586553845637147,0.2093748157761208,0.04383781348128453
170,72.81478344586175,0.0004899855008582199,0.0002869913791430799,0.05483537439600356,0.0030069182851498832,0.00015394523050826274,0.03328001973595253,0.00110755971362539,0.0011328942492975515,0.1592400526640367,0.025357394372445188,0.0013185886768103938,0.17015505041262674,0.028952741180923548,0.0007953786245687538,0.09003202733942342,0.008105765946846689,0.0015718880162712385,0.179346072261887,0.032165013635766,0.0002911979339882505,0.03226819934842176,0.0010412366891894864,-0.0002704261767060654,-0.03499530347160468,0.0012246712650697065
171,73.245640152642,-0.00017403016359411597,0.00018147941721244004,0.03694619027559493,0.0013650209758804654,-0.00025620896289291954,-0.05901494140743124,0.003482763309322542,0.003298868757193068,0.43272858340057446,0.18725402689186793,0.0019880229021786468,0.23941121468763354,0.057317729718208164,0.001615927900387951,0.19585819926754833,0.038360434220326665,0.0009910373371749207,0.1210756884375501,0.014659322330626702,0.00034213963485187147,0.04329065165279251,0.0018740805205234269,-0.0005688117424058003,-0.08404925784250188,0.007064277743875365
172,73.67649685942224,0.0020501424090480836,0.00028677075142410463,0.054644702258183235,0.0029860434848854958,-0.00035724646303042355,-0.07702053349827655,0.005932162580359139,0.0012215042214660944,0.18480090399419696,0.034151374117072406,0.0009942634136474906,0.13809664880529818,0.019070684411253865,-0.0003770097893517873,-0.047841552836917614,0.0022888141778475792,-0.0006049774813426046,-0.07738183112763462,0.005987947788665762,0.00027753168337357005,0.03318073030707324,0.0011009608637107288,-0.0002944134025215768,-0.04110603058640924,0.0016897057505708122
173,74.10735356620249,-0.00013286714424682244,-6.940501565177873e-06,-0.0014659076802431142,2.148885326995749e-06,-0.00023466125677456672,-0.05607671069509457,0.003144597482381334,0.0005205455259101196,0.08404861310417033,0.007064169364734515,0.00030726256733323333,0.04554639939854882,0.002074474498172128,0.00044142568996921626,0.05423775659011011,0.0029417342399280333,0.0003763256408087179,0.04660742137563707,0.0021722517272861914,-0.000173316363251863,-0.021603628615978684,0.0004667167693771332,0.00014028457941459116,0.02042074883014451,0.00041700698278384843
174,74.53821027298274,0.0008383326399084777,-0.000149553901674132,-0.026744402806609436,0.0007152630814821788,-0.0005990180873074395,-0.1211993995468056,0.01468929445050622,0.00041750169649784526,0.06317249022619809,0.003990763521379093,-0.00016811888516984796,-0.023353867697664593,0.0005454031364400219,-0.0007862238074709837,-0.09329658915587105,0.008704253548119394,-0.000916403474875877,-0.10961082739576818,0.012014533482384883,1.7549261358287e-05,0.0021002568688084896,4.411078914977241e-06,-0.0006802486573287569,-0.09507270684346497,0.00903881958654343
175,74.96906697976299,0.0004425985630852526,-0.0003313843623400271,-0.06502213519206144,0.004227878064934715,-0.00020750769606016776,-0.04606688001893138,0.0021221574346786203,0.0008438398723205521,0.1223334606229753,0.014965475587993049,0.0002075488464384861,0.027623461852001662,0.000763055644688991,-0.0004397309246001681,-0.05174487345379802,0.0026775319287495707,-0.0004956312065844959,-0.058787652179126806,0.0034559880487339922,-0.00010967759595934433,-0.013619183595357888,0.0001854821618040654,-0.0005219113818493942,-0.0756840761434061,0.0057280793816808905
176,75.39992368654323,-0.0015175927140260149,-0.000462546578091302,-0.09022516146884868,0.008140579762079818,5.917240569682998e-05,0.013059206730343172,0.0001705428804258404,0.000755178146009783,0.11202351621699659,0.012549268185619697,0.001092487240478456,0.14878142773149314,0.02213591323782151,-0.0004349049710744636,-0.052542298098735715,0.0027606930894964066,-0.0005024948427191727,-0.06119183172998458,0.0037444402704707473,0.0005569373910048119,0.06901010751946944,0.004762394939848732,0.0009167182234598374,0.13265291159949802,0.017596794955824238
177,75.83078039332348,0.0007492996248802416,0.00016690455678606774,0.02976862017745941,0.0008861707472698435,3.500301509303474e-05,0.00706352263955274,4.9893352079474114e-05,0.0011052313058004532,0.1588797871464829,0.02524278676371171,0.0010457221948821534,0.13800803077599505,0.019046216558668002,0.0001417628886806598,0.016088751353928735,0.00025884792012854365,9.135604818741902e-05,0.010450672620678886,0.00010921655822460726,0.0005382119663831391,0.06449726745586096,0.00415989750927286,0.0007649396197020988,0.10705075027191044,0.011459863133778933
178,76.26163710010373,0.0019709036855251015,-1.2425082822928244e-05,-0.002350287917736815,5.5238532962596534e-06,0.0003394804204484702,0.0726543935777147,0.0052786609061454695,0.0003826665727191534,0.056475376064181605,0.003189468101590737,0.00039309411985773813,0.05326080350284622,0.002836713189768796,-0.0007512085541941538,-0.08535697202687074,0.007285812673595993,-0.0012545838217045966,-0.14368959184831562,0.02064669880553553,0.0005992961233865191,0.07405064229399012,0.005483497624152478,0.0006891863879197788,0.09944859377219396,0.009890022803266858
179,76.69249380688397,-0.0006409818451960641,5.287154685046697e-05,0.010205868286627244,0.0001041597474839837,2.552550786167644e-05,0.0055747796929453124,3.107816862487543e-05,0.0009051872198232149,0.12497817863683298,0.015619545135380134,0.0010664295614453377,0.1351762874541997,0.018272628689900428,1.9556145403659796e-05,0.002140139304054645,4.5801962407595e-06,-2.4767164264730536e-05,-0.0027320096086564795,7.46387650179133e-06,-0.0004019945566259978,-0.05018728745050536,0.0025187638216396524,0.00015713432965531058,0.022909690497427842,0.0005248539186879357
180,77.12335051366422,0.00017536437122350412,-0.0002941696707519744,-0.05561323829137917,0.0030928322732537224,-0.00026381348739599434,-0.05642903975222244,0.0031842365273579004,0.000767937167945602,0.1155835109992236,0.013359548014907642,0.0009767116341227262,0.13496125788936483,0.01821454113107964,-9.486891871635312e-05,-0.011605997539525587,0.00013469917888747396,0.0011023642328847423,0.13593484296270492,0.018478281531295253,-0.00016536951764549543,-0.020081384051688713,0.0004032619854314178,-0.0004165306725557467,-0.05906901975975116,0.0034891490953778727
181,77.55420722044447,0.0014914578187942096,-2.930417569762791e-05,-0.005649465473389795,3.1916460135023376e-05,0.0004713260667708474,0.10280747281922825,0.010569376467476355,-0.00011889974312940406,-0.01717044698686298,0.00029482424972867194,-0.0003406434772214858,-0.04516201635727216,0.0020396077214545182,-0.00040053674180056266,-0.04357906948759267,0.0018991352974044307,0.00027493381190545063,0.030151637160306548,0.0009091212234467786,-0.00067693757150359,-0.08613064061350653,0.007418487252493019,0.00040088041222389033,0.05956600705325974,0.0035481091962689896
182,77.98506392722472,-0.001140423922633961,-2.254256950955691e-05,-0.00410318310123446,1.683611156225604e-05,0.0006492005848307342,0.1336970293037887,0.017874895644658138,-3.203537435621797e-05,-0.004070284208440581,1.656721353748077e-05,-0.0005165229545269245,-0.06025000952370812,0.0036300636476069197,-4.903149139003868e-06,-0.0005722196029300967,3.2743527397747764e-07,0.0001365513452334395,0.01606315180952168,0.0002580248460557396,-0.00025645117030733783,-0.030525425581720382,0.0009318016069451491,-4.261246325050065e-06,-0.0005923362013372312,3.50862175414621e-07
183,78.41592063400496,-0.001342319063675246,-0.00014168379570387245,-0.02636033233565929,0.0006948671208464047,-0.0006233631338454995,-0.1312191401498918,0.01721846274167695,0.0007218144968261846,0.09574275638918534,0.00916667540099889,0.0003130444146234748,0.0381205227532596,0.0014531742549817827,-0.0003014477762704335,-0.03497092994520266,0.0012229659412322721,-0.0003790580046200248,-0.04432491601751318,0.0019646981799595962,-0.000982088502097885,-0.10828592700030874,0.011725841986316193,-0.0012593405165247738,-0.16215829233285184,0.026295311772306634
184,78.84677734078521,0.001105883376875484,0.0010654139921119129,0.20328072649310205,0.04132305376356337,0.0005717571602997911,0.12342831362357176,0.015234548603958791,-0.0009061247548673768,-0.13155665423156238,0.01730715327260286,-0.0008844203340136775,-0.11788433703999504,0.013896716919359143,-0.00010864134273232146,-0.012485575233606185,0.00015588958891404016,0.0003207562820971696,0.037156581831353896,0.0013806115733900988,0.0013407284358183378,0.16926829533417354,0.02865175580533699,8.428790893339284e-05,0.012427239656083201,0.00015443628546972691
185,79.27763404756546,-0.0014668469496313063,-0.00028018948477238323,-0.0560010439051659,0.0031361169184683196,0.0004465496120617405,0.100980933618951,0.01019714895455499,6.645041121093661e-05,0.009296365091515402,8.64224039147462e-05,-0.000569538687363263,-0.07314948790977427,0.0053508475814622114,-0.0003414795543634287,-0.03800952790795924,0.0014447242117859318,-0.0009556273989880345,-0.10721696640408158,0.011495477884893959,-0.000461461799127758,-0.06009823681808541,0.003611798068642677,0.00019186969794022287,0.02918145629965991,0.000851557391768961
186,79.7084907543457,0.0010417016565572783,0.0005011853756886794,0.09606186330776524,0.009227881582159774,0.0007076724530319553,0.15346533156840228,0.02355160799339965,-0.002227223289295104,-0.27913396838864224,0.0779157723083915,-0.0014862170617943133,-0.17100300221454487,0.029242026766387635,-0.0018554137232748473,-0.1880927102350345,0.03537886764356064,-0.00026590408321449093,-0.02717085837586741,0.000738255544881444,0.0005538617983526054,0.06409074533041281,0.0041076236370078305,0.0006212550241720519,0.08395342501334682,0.007048177571471649
187,80.13934746112595,-0.0026074408309208863,-0.0012255867327985567,-0.23118724046817382,0.053447540155289214,-0.0008576096015986289,-0.1830352850538085,0.03350191557472894,-0.0008815549663468439,-0.12000892341437325,0.014402141699076903,-0.000766119529968569,-0.09574877770925132,0.009167828432815623,-0.0006617098202535599,-0.07341845238725028,0.005390269150938936,0.0004689003619180143,0.05244032399047894,0.002749987580226401,-0.002368415484014027,-0.2741406468441015,0.07515309425210237,-0.0018943003697353704,-0.25605837169519613,0.06556588971519521
188,80.5702041679062,6.563044293671006e-05,-0.0002903023038324378,-0.056618563037727325,0.0032056616804571033,0.00028028782481612046,0.06184975290194655,0.0038253919340318467,0.0001453159075996283,0.022346850620392145,0.0004993817326501209,-0.0010765624396134083,-0.15198997813878273,0.023100953454627655,-0.00018626691011477183,-0.024368086880378934,0.0005938036582096961,-0.00041786325804145846,-0.05510196197603878,0.0030362262136088237,0.0009534893627966973,0.10979361875531818,0.012054638719388156,0.00044275815092732404,0.05953911927388299,0.0035449067239096644
189,81.00106087468644,-0.00150612512238391,0.0005345942189701896,0.10662261381211811,0.01136838177612808,0.00019404372871219762,0.043787490225059185,0.001917344300209654,0.00030066485871108663,0.044779379660374416,0.002005192842767954,6.886224057651676e-05,0.009415624116617009,8.865397750541982e-05,-0.0006352781142877241,-0.06730935140679256,0.004530548786803087,-0.0018361807814623497,-0.19609842334831606,0.03845459163969539,0.0010594272158366272,0.13726375793200554,0.018841339241616215,0.0007877480481284703,0.11919188520526192,0.014206705498784333
190,81.43191758146669,0.00034210082126533766,0.00016862732405248265,0.028283420704940852,0.0007999518867726768,-0.0010225915810896668,-0.19405800992605796,0.037658511216462014,-0.0002200379523393891,-0.030786648668608328,0.0009478177362443229,0.0012092819496306165,0.15533343744083955,0.024128476787187214,5.92757615849807e-05,0.0068830467653858895,4.7376332774489166e-05,-0.00040687707490626716,-0.047622693043316115,0.0022679208926979096,0.0007258303921383549,0.08501166916290176,0.007226983893862662,0.000299145506607308,0.04091668795509699,0.0016741753532147792
191,81.86277428824694,0.002432017361874667,-0.0003363527417484593,-0.05756170128262433,0.0033133494545500757,-0.00044529752233449883,-0.08622124768050746,0.0074341035515834136,-0.00018344131077009424,-0.025730204630519844,0.0006620434303284248,0.0003483980786605984,0.04486362979374442,0.002012745278270152,-3.092975673600174e-05,-0.003563462013495469,1.2698261521625185e-05,0.00031339625904825856,0.036394569780838916,0.0013245647095323535,0.0013953098975082493,0.17210465738409542,0.029620013093296867,0.0007963880119909605,0.11471527647004301,0.013159594655598402
192,82.29363099502719,0.00016469580807593645,0.0003495031503843347,0.06700558964968827,0.004489749044302412,-0.00014380171207519974,-0.031192441584347922,0.0009729684119929574,-0.0007908805169556744,-0.11992269342114761,0.014381452397382562,-0.0004378889962264704,-0.060957492052411744,0.0037158158373198405,0.0010721190328030442,0.1256177917979066,0.015779829616182208,0.0014893265202474315,0.1758916506199522,0.03093787275781134,-0.0003283754932091893,-0.042555098332347864,0.0018109363940757956,-0.0013574963459993025,-0.2054443128284168,0.04220736567354037
193,82.72448770180742,-0.0014878131886407343,-0.0005158563888204463,-0.10102052038864133,0.010205145539591901,-0.0009736143040792579,-0.21572133970923937,0.04653569640594906,-0.00018628147904086516,-0.02638794343358377,0.0006963235586540168,-0.00034674155511475984,-0.045093539073356795,0.002033427266160356,0.0013440204460279128,0.16598103009611276,0.02754970235176668,0.0008439370080693916,0.10505331576565805,0.011036199153359056,-0.001922101534430695,-0.23859516361584623,0.05692765210087243,-0.0013913264737802097,-0.20169213051438495,0.040679715511431694
194,83.15534440858767,-0.0004929721931853846,-0.0001419409812919918,-0.02889125753584966,0.0008347047620027898,-5.536392588362423e-05,-0.012750020879959838,0.00016256303243941187,-0.0026764434756156724,-0.3352469977918371,0.11239054952844002,-0.00208136840879933,-0.23934719476852245,0.05728707964356102,-0.0011592932882330247,-0.13426411533927654,0.018026852667838555,-0.0006084629902031862,-0.07103100396312004,0.005045403524008775,-0.0016084609895228015,-0.1983587083387007,0.03934617717379773,-0.0008155159306453059,-0.11744858326293765,0.013794169710471198
195,83.58620111536791,-0.000791283421557502,-0.0010450088396827142,-0.18517512368957598,0.034289826433449765,-0.00046695865337867523,-0.09361953556790635,0.008764617439950481,-0.0014768950179045292,-0.22581709782633091,0.05099336167070672,-0.0018245253217610382,-0.25611183808136406,0.06559327360541484,-0.0009806195053291352,-0.11217920942381567,0.012584175026952296,-0.001093680690200776,-0.12611000546238404,0.01590373347772253,-0.0018147367202139308,-0.2088985151007185,0.04363858961128511,-0.0001643444410182154,-0.022092829371787397,0.00048809310965091204
196,84.01705782214816,-0.0005903576112031849,-0.0013037736836297492,-0.255487328633413,0.0652737750922376,-0.0006134712211784813,-0.13601497437675472,0.018500073254709242,-0.0009577279671955868,-0.14449007294279942,0.020877381179015497,-0.0006612951513340441,-0.09159330725367257,0.00838933393366567,-0.0019852633553085184,-0.22782892962140844,0.05190602117243669,-0.0018586447202686323,-0.2149979299373811,0.046224109877359025,0.0008906335141251883,0.1101337636110947,0.012129445887144487,0.0010485035322258928,0.1514139673768389,0.022926189516794433
197,84.44791452892841,0.0029740461403581163,-0.0006339064339372002,-0.12186833320636971,0.014851890638498753,0.00016152281434782045,0.03513378666023387,0.001234382965086827,0.00029745400604618943,0.04147753940218185,0.0017203862748595478,0.00025544964409472155,0.032701752400868145,0.0010694046100876854,-7.264259545446536e-06,-0.0008464559819872605,7.164877294420176e-07,-0.0012593835476013425,-0.1479170353502691,0.021879449346812758,-0.00033522262669236113,-0.033228647748143096,0.0011041430311701753,0.0013638486592671764,0.15787745545721157,0.024925290941643825
198,84.87877123570865,0.0004049949480271606,-8.462762223096474e-05,-0.017813223729519555,0.00031731093963791854,-0.00046009393589773113,-0.10957267601389586,0.012006171328846188,-0.0014078246933300965,-0.20521719745802233,0.04211409813252493,-0.0008493667271336514,-0.11366662883352102,0.012920102510377434,0.00039555381860421353,0.04456618012577769,0.0019861444110032627,0.00020705332674146834,0.023514145171231002,0.0005529150231337263,-0.0005126663258087429,-0.06449653814714928,0.0041598034329666835,-0.00027175284516259594,-0.0399254947128993,0.00159404512806975
199,85.3096279424889,-0.0005377450173909613,-0.0011802398167141438,-0.2176426849215321,0.04736833829985331,-0.0009387673712328693,-0.19586515226141438,0.03836315787038703,-0.0008086108462588453,-0.11062995764590945,0.01223898752873572,0.0004262516165512113,0.05353918853467554,0.002866444708951533,-0.0005767935656735405,-0.06453539001337934,0.004164816564178981,-0.00039995460555344083,-0.04510611124777428,0.0020345612718965893,-0.0009672065111457567,-0.11557327605271746,0.013357182137557636,-0.00013944835439970936,-0.019459254589633664,0.00037866258918417875
200,85.74048464926915,0.0022069586674126674,-0.001357213621175701,-0.2715414731349356,0.07373477163229092,-0.001200996539575397,-0.27186612141565797,0.0739111879735933,0.0008419938135094052,0.11439089104390249,0.013085275953817973,0.0015883933697652213,0.19811308905135577,0.039248796053470425,-7.00084466704924e-05,-0.008552644023527574,7.314771979318192e-05,0.0001871678925576183,0.023047745914617872,0.0005311985917447849,0.00042827962271652385,0.05258900369941244,0.0027656033100968156,5.7764777359427925e-05,0.008283335071529853,6.861363990723645e-05
